,,,,,,Daily Price Report-01-01-2023 to 31-12-2023,,,,,
State,District,Market,Commodity Group,Commodity,Variety,Grade,Min Price,Max Price,Modal Price,Price Unit,Price Date
Kerala,Idukki,Kattappana APMC,Beverages,Coffee,Other,FAQ,"23,000.00","23,500.00","23,500.00",Rs./Quintal,04-11-2023
Kerala,Idukki,Kattappana APMC,Beverages,Coffee,Other,FAQ,"22,000.00","23,500.00","23,000.00",Rs./Quintal,03-11-2023
Kerala,Idukki,Kattappana APMC,Beverages,Coffee,Other,FAQ,"22,000.00","23,400.00","23,000.00",Rs./Quintal,25-08-2023
Kerala,Idukki,Kattappana APMC,Beverages,Coffee,Other,FAQ,"22,000.00","23,500.00","23,000.00",Rs./Quintal,18-08-2023
Kerala,Idukki,Kattappana APMC,Beverages,Coffee,Other,FAQ,"22,000.00","23,400.00","23,000.00",Rs./Quintal,15-08-2023
Kerala,Idukki,Kattappana APMC,Beverages,Coffee,Other,FAQ,"21,000.00","23,000.00","22,500.00",Rs./Quintal,03-08-2023
Kerala,Idukki,Kattappana APMC,Beverages,Coffee,Other,FAQ,"21,500.00","23,000.00","22,500.00",Rs./Quintal,01-08-2023
Kerala,Idukki,Kattappana APMC,Beverages,Coffee,Other,FAQ,"23,000.00","23,000.00","23,000.00",Rs./Quintal,20-07-2023
Kerala,Idukki,Kattappana APMC,Beverages,Coffee,Other,FAQ,"23,000.00","23,000.00","23,000.00",Rs./Quintal,19-07-2023
Kerala,Idukki,Kattappana APMC,Beverages,Coffee,Other,FAQ,"23,000.00","23,000.00","23,000.00",Rs./Quintal,18-07-2023
Kerala,Idukki,Kattappana APMC,Beverages,Coffee,Other,FAQ,"22,500.00","23,000.00","23,000.00",Rs./Quintal,17-07-2023
Kerala,Idukki,Kattappana APMC,Beverages,Coffee,Other,FAQ,"22,000.00","23,100.00","22,500.00",Rs./Quintal,06-07-2023
Kerala,Idukki,Kattappana APMC,Beverages,Coffee,Other,FAQ,"22,000.00","23,100.00","22,800.00",Rs./Quintal,05-07-2023
Kerala,Idukki,Kattappana APMC,Beverages,Coffee,Other,FAQ,"22,000.00","23,200.00","22,600.00",Rs./Quintal,04-07-2023
Kerala,Idukki,Kattappana APMC,Beverages,Coffee,Other,FAQ,"22,000.00","22,800.00","22,000.00",Rs./Quintal,03-07-2023
Kerala,Idukki,Kattappana APMC,Beverages,Coffee,Other,FAQ,"22,000.00","23,200.00","22,500.00",Rs./Quintal,01-07-2023
Kerala,Idukki,Kattappana APMC,Beverages,Coffee,Other,FAQ,"22,000.00","23,000.00","22,800.00",Rs./Quintal,22-06-2023
Kerala,Idukki,Kattappana APMC,Beverages,Coffee,Other,FAQ,"22,000.00","23,500.00","23,000.00",Rs./Quintal,20-06-2023
Kerala,Idukki,Kattappana APMC,Beverages,Coffee,Other,FAQ,"22,000.00","23,500.00","23,000.00",Rs./Quintal,17-06-2023
Kerala,Idukki,Kattappana APMC,Beverages,Coffee,Other,FAQ,"22,000.00","23,100.00","22,600.00",Rs./Quintal,13-06-2023
Kerala,Idukki,Kattappana APMC,Beverages,Coffee,Other,FAQ,"22,000.00","23,100.00","22,500.00",Rs./Quintal,12-06-2023
Kerala,Idukki,Kattappana APMC,Beverages,Coffee,Other,FAQ,"22,000.00","22,800.00","22,000.00",Rs./Quintal,10-06-2023
Kerala,Idukki,Kattappana APMC,Beverages,Coffee,Other,FAQ,"22,000.00","22,000.00","22,000.00",Rs./Quintal,09-06-2023
Kerala,Idukki,Kattappana APMC,Beverages,Coffee,Other,FAQ,"1,000.00","2,000.00","1,500.00",Rs./Quintal,26-05-2023
Kerala,Idukki,Kattappana APMC,Beverages,Coffee,Other,FAQ,"21,500.00","22,000.00","22,000.00",Rs./Quintal,24-05-2023
Kerala,Idukki,Kattappana APMC,Beverages,Coffee,Other,FAQ,"21,000.00","22,000.00","22,000.00",Rs./Quintal,22-05-2023
Kerala,Wayanad,Kalpetta APMC,Beverages,Coffee,Other,FAQ,"23,900.00","24,000.00","24,000.00",Rs./Quintal,30-12-2023
Kerala,Wayanad,Kalpetta APMC,Beverages,Coffee,Other,FAQ,"23,900.00","24,000.00","24,000.00",Rs./Quintal,29-12-2023
Kerala,Wayanad,Kalpetta APMC,Beverages,Coffee,Other,FAQ,"23,900.00","24,000.00","24,000.00",Rs./Quintal,28-12-2023
Kerala,Wayanad,Kalpetta APMC,Beverages,Coffee,Other,FAQ,"23,900.00","24,000.00","24,000.00",Rs./Quintal,27-12-2023
Kerala,Wayanad,Kalpetta APMC,Beverages,Coffee,Other,FAQ,"23,900.00","24,000.00","24,000.00",Rs./Quintal,26-12-2023
Kerala,Wayanad,Kalpetta APMC,Beverages,Coffee,Other,FAQ,"23,800.00","23,900.00","23,900.00",Rs./Quintal,22-12-2023
Kerala,Wayanad,Kalpetta APMC,Beverages,Coffee,Other,FAQ,"23,700.00","23,800.00","23,800.00",Rs./Quintal,21-12-2023
Kerala,Wayanad,Kalpetta APMC,Beverages,Coffee,Other,FAQ,"23,600.00","23,700.00","23,700.00",Rs./Quintal,20-12-2023
Kerala,Wayanad,Kalpetta APMC,Beverages,Coffee,Other,FAQ,"23,500.00","23,600.00","23,600.00",Rs./Quintal,19-12-2023
Kerala,Wayanad,Kalpetta APMC,Beverages,Coffee,Other,FAQ,"23,400.00","23,500.00","23,500.00",Rs./Quintal,18-12-2023
Kerala,Wayanad,Kalpetta APMC,Beverages,Coffee,Other,FAQ,"23,300.00","23,400.00","23,400.00",Rs./Quintal,16-12-2023
Kerala,Wayanad,Kalpetta APMC,Beverages,Coffee,Other,FAQ,"23,400.00","23,500.00","23,500.00",Rs./Quintal,15-12-2023
Kerala,Wayanad,Kalpetta APMC,Beverages,Coffee,Other,FAQ,"23,400.00","23,500.00","23,500.00",Rs./Quintal,14-12-2023
Kerala,Wayanad,Kalpetta APMC,Beverages,Coffee,Other,FAQ,"23,400.00","23,500.00","23,500.00",Rs./Quintal,13-12-2023
Kerala,Wayanad,Kalpetta APMC,Beverages,Coffee,Other,FAQ,"23,400.00","23,500.00","23,500.00",Rs./Quintal,11-12-2023
Kerala,Wayanad,Kalpetta APMC,Beverages,Coffee,Other,FAQ,"23,400.00","23,500.00","23,500.00",Rs./Quintal,09-12-2023
Kerala,Wayanad,Kalpetta APMC,Beverages,Coffee,Other,FAQ,"23,400.00","23,500.00","23,500.00",Rs./Quintal,08-12-2023
Kerala,Wayanad,Kalpetta APMC,Beverages,Coffee,Other,FAQ,"23,400.00","23,500.00","23,500.00",Rs./Quintal,07-12-2023
Kerala,Wayanad,Kalpetta APMC,Beverages,Coffee,Other,FAQ,"23,400.00","23,500.00","23,500.00",Rs./Quintal,06-12-2023
Kerala,Wayanad,Kalpetta APMC,Beverages,Coffee,Other,FAQ,"23,400.00","23,500.00","23,500.00",Rs./Quintal,05-12-2023
Kerala,Wayanad,Kalpetta APMC,Beverages,Coffee,Other,FAQ,"23,400.00","23,500.00","23,500.00",Rs./Quintal,04-12-2023
Kerala,Wayanad,Kalpetta APMC,Beverages,Coffee,Other,FAQ,"23,400.00","23,500.00","23,500.00",Rs./Quintal,02-12-2023
Kerala,Wayanad,Kalpetta APMC,Beverages,Coffee,Other,FAQ,"23,400.00","23,500.00","23,500.00",Rs./Quintal,01-12-2023
Kerala,Wayanad,Kalpetta APMC,Beverages,Coffee,Other,FAQ,"23,400.00","23,500.00","23,500.00",Rs./Quintal,30-11-2023
Kerala,Wayanad,Kalpetta APMC,Beverages,Coffee,Other,FAQ,"23,300.00","23,400.00","23,400.00",Rs./Quintal,29-11-2023
Kerala,Wayanad,Kalpetta APMC,Beverages,Coffee,Other,FAQ,"23,400.00","23,500.00","23,500.00",Rs./Quintal,28-11-2023
Kerala,Wayanad,Kalpetta APMC,Beverages,Coffee,Other,FAQ,"23,400.00","23,500.00","23,500.00",Rs./Quintal,27-11-2023
Kerala,Wayanad,Kalpetta APMC,Beverages,Coffee,Other,FAQ,"23,400.00","23,500.00","23,500.00",Rs./Quintal,25-11-2023
Kerala,Wayanad,Kalpetta APMC,Beverages,Coffee,Other,FAQ,"23,400.00","23,500.00","23,500.00",Rs./Quintal,24-11-2023
Kerala,Wayanad,Kalpetta APMC,Beverages,Coffee,Other,FAQ,"23,400.00","23,500.00","23,500.00",Rs./Quintal,23-11-2023
Kerala,Wayanad,Kalpetta APMC,Beverages,Coffee,Other,FAQ,"23,400.00","23,500.00","23,500.00",Rs./Quintal,22-11-2023
Kerala,Wayanad,Kalpetta APMC,Beverages,Coffee,Other,FAQ,"23,400.00","23,500.00","23,500.00",Rs./Quintal,21-11-2023
Kerala,Wayanad,Kalpetta APMC,Beverages,Coffee,Other,FAQ,"23,300.00","23,400.00","23,400.00",Rs./Quintal,20-11-2023
Kerala,Wayanad,Kalpetta APMC,Beverages,Coffee,Other,FAQ,"23,400.00","23,500.00","23,500.00",Rs./Quintal,18-11-2023
Kerala,Wayanad,Kalpetta APMC,Beverages,Coffee,Other,FAQ,"23,400.00","23,500.00","23,500.00",Rs./Quintal,17-11-2023
Kerala,Wayanad,Kalpetta APMC,Beverages,Coffee,Other,FAQ,"23,400.00","23,500.00","23,500.00",Rs./Quintal,16-11-2023
Kerala,Wayanad,Kalpetta APMC,Beverages,Coffee,Other,FAQ,"23,400.00","23,500.00","23,500.00",Rs./Quintal,15-11-2023
Kerala,Wayanad,Kalpetta APMC,Beverages,Coffee,Other,FAQ,"23,400.00","23,500.00","23,500.00",Rs./Quintal,14-11-2023
Kerala,Wayanad,Kalpetta APMC,Beverages,Coffee,Other,FAQ,"23,300.00","23,400.00","23,400.00",Rs./Quintal,13-11-2023
Kerala,Wayanad,Kalpetta APMC,Beverages,Coffee,Other,FAQ,"23,400.00","23,500.00","23,500.00",Rs./Quintal,11-11-2023
Kerala,Wayanad,Kalpetta APMC,Beverages,Coffee,Other,FAQ,"23,400.00","23,500.00","23,500.00",Rs./Quintal,10-11-2023
Kerala,Wayanad,Kalpetta APMC,Beverages,Coffee,Other,FAQ,"23,400.00","23,500.00","23,500.00",Rs./Quintal,09-11-2023
Kerala,Wayanad,Kalpetta APMC,Beverages,Coffee,Other,FAQ,"23,400.00","23,500.00","23,500.00",Rs./Quintal,08-11-2023
Kerala,Wayanad,Kalpetta APMC,Beverages,Coffee,Other,FAQ,"23,200.00","23,300.00","23,300.00",Rs./Quintal,07-11-2023
Kerala,Wayanad,Kalpetta APMC,Beverages,Coffee,Other,FAQ,"23,200.00","23,300.00","23,300.00",Rs./Quintal,06-11-2023
Kerala,Wayanad,Kalpetta APMC,Beverages,Coffee,Other,FAQ,"23,300.00","23,400.00","23,400.00",Rs./Quintal,04-11-2023
Kerala,Wayanad,Kalpetta APMC,Beverages,Coffee,Other,FAQ,"23,300.00","23,400.00","23,400.00",Rs./Quintal,03-11-2023
Kerala,Wayanad,Kalpetta APMC,Beverages,Coffee,Other,FAQ,"23,300.00","23,400.00","23,400.00",Rs./Quintal,02-11-2023
Kerala,Wayanad,Kalpetta APMC,Beverages,Coffee,Other,FAQ,"23,300.00","23,400.00","23,400.00",Rs./Quintal,01-11-2023
Kerala,Wayanad,Kalpetta APMC,Beverages,Coffee,Other,FAQ,"23,300.00","23,500.00","23,400.00",Rs./Quintal,31-10-2023
Kerala,Wayanad,Kalpetta APMC,Beverages,Coffee,Other,FAQ,"23,400.00","23,500.00","23,500.00",Rs./Quintal,30-10-2023
Kerala,Wayanad,Kalpetta APMC,Beverages,Coffee,Other,FAQ,"23,400.00","23,500.00","23,500.00",Rs./Quintal,29-10-2023
Kerala,Wayanad,Kalpetta APMC,Beverages,Coffee,Other,FAQ,"23,400.00","23,500.00","23,500.00",Rs./Quintal,28-10-2023
Kerala,Wayanad,Kalpetta APMC,Beverages,Coffee,Other,FAQ,"23,300.00","23,400.00","23,400.00",Rs./Quintal,27-10-2023
Kerala,Wayanad,Kalpetta APMC,Beverages,Coffee,Other,FAQ,"23,200.00","23,300.00","23,300.00",Rs./Quintal,26-10-2023
Kerala,Wayanad,Kalpetta APMC,Beverages,Coffee,Other,FAQ,"23,000.00","23,100.00","23,100.00",Rs./Quintal,25-10-2023
Kerala,Wayanad,Kalpetta APMC,Beverages,Coffee,Other,FAQ,"23,000.00","23,100.00","23,100.00",Rs./Quintal,24-10-2023
Kerala,Wayanad,Kalpetta APMC,Beverages,Coffee,Other,FAQ,"23,100.00","23,200.00","23,200.00",Rs./Quintal,21-10-2023
Kerala,Wayanad,Kalpetta APMC,Beverages,Coffee,Other,FAQ,"23,100.00","23,200.00","23,200.00",Rs./Quintal,20-10-2023
Kerala,Wayanad,Kalpetta APMC,Beverages,Coffee,Other,FAQ,"23,000.00","23,100.00","23,100.00",Rs./Quintal,19-10-2023
Kerala,Wayanad,Kalpetta APMC,Beverages,Coffee,Other,FAQ,"22,900.00","23,000.00","23,000.00",Rs./Quintal,18-10-2023
Kerala,Wayanad,Kalpetta APMC,Beverages,Coffee,Other,FAQ,"22,900.00","23,000.00","23,000.00",Rs./Quintal,17-10-2023
Kerala,Wayanad,Kalpetta APMC,Beverages,Coffee,Other,FAQ,"22,900.00","23,000.00","23,000.00",Rs./Quintal,14-10-2023
Kerala,Wayanad,Kalpetta APMC,Beverages,Coffee,Other,FAQ,"22,900.00","23,000.00","23,000.00",Rs./Quintal,13-10-2023
Kerala,Wayanad,Kalpetta APMC,Beverages,Coffee,Other,FAQ,"23,400.00","23,500.00","23,500.00",Rs./Quintal,12-10-2023
Kerala,Wayanad,Kalpetta APMC,Beverages,Coffee,Other,FAQ,"23,300.00","23,400.00","23,400.00",Rs./Quintal,11-10-2023
Kerala,Wayanad,Kalpetta APMC,Beverages,Coffee,Other,FAQ,"23,300.00","23,400.00","23,400.00",Rs./Quintal,10-10-2023
Kerala,Wayanad,Kalpetta APMC,Beverages,Coffee,Other,FAQ,"23,500.00","23,600.00","23,600.00",Rs./Quintal,07-10-2023
Kerala,Wayanad,Kalpetta APMC,Beverages,Coffee,Other,FAQ,"23,500.00","23,600.00","23,600.00",Rs./Quintal,06-10-2023
Kerala,Wayanad,Kalpetta APMC,Beverages,Coffee,Other,FAQ,"23,500.00","23,600.00","23,600.00",Rs./Quintal,05-10-2023
Kerala,Wayanad,Kalpetta APMC,Beverages,Coffee,Other,FAQ,"23,400.00","23,500.00","23,500.00",Rs./Quintal,04-10-2023
Kerala,Wayanad,Kalpetta APMC,Beverages,Coffee,Other,FAQ,"23,500.00","23,600.00","23,600.00",Rs./Quintal,03-10-2023
Kerala,Wayanad,Kalpetta APMC,Beverages,Coffee,Other,FAQ,"23,500.00","23,600.00","23,600.00",Rs./Quintal,02-10-2023
Kerala,Wayanad,Kalpetta APMC,Beverages,Coffee,Other,FAQ,"23,600.00","23,700.00","23,700.00",Rs./Quintal,30-09-2023
Kerala,Wayanad,Kalpetta APMC,Beverages,Coffee,Other,FAQ,"23,600.00","23,700.00","23,700.00",Rs./Quintal,29-09-2023
Kerala,Wayanad,Kalpetta APMC,Beverages,Coffee,Other,FAQ,"23,600.00","23,700.00","23,700.00",Rs./Quintal,28-09-2023
Kerala,Wayanad,Kalpetta APMC,Beverages,Coffee,Other,FAQ,"23,500.00","23,600.00","23,600.00",Rs./Quintal,27-09-2023
Kerala,Wayanad,Kalpetta APMC,Beverages,Coffee,Other,FAQ,"23,500.00","23,600.00","23,600.00",Rs./Quintal,26-09-2023
Kerala,Wayanad,Kalpetta APMC,Beverages,Coffee,Other,FAQ,"23,600.00","23,700.00","23,700.00",Rs./Quintal,25-09-2023
Kerala,Wayanad,Kalpetta APMC,Beverages,Coffee,Other,FAQ,"23,600.00","23,700.00","23,700.00",Rs./Quintal,24-09-2023
Kerala,Wayanad,Kalpetta APMC,Beverages,Coffee,Other,FAQ,"23,600.00","23,700.00","23,700.00",Rs./Quintal,23-09-2023
Kerala,Wayanad,Kalpetta APMC,Beverages,Coffee,Other,FAQ,"23,500.00","23,600.00","23,600.00",Rs./Quintal,21-09-2023
Kerala,Wayanad,Kalpetta APMC,Beverages,Coffee,Other,FAQ,"23,400.00","23,500.00","23,500.00",Rs./Quintal,20-09-2023
Kerala,Wayanad,Kalpetta APMC,Beverages,Coffee,Other,FAQ,"23,100.00","23,200.00","23,200.00",Rs./Quintal,19-09-2023
Kerala,Wayanad,Kalpetta APMC,Beverages,Coffee,Other,FAQ,"23,000.00","23,100.00","23,100.00",Rs./Quintal,18-09-2023
Kerala,Wayanad,Kalpetta APMC,Beverages,Coffee,Other,FAQ,"22,900.00","23,000.00","23,000.00",Rs./Quintal,16-09-2023
Kerala,Wayanad,Kalpetta APMC,Beverages,Coffee,Other,FAQ,"22,900.00","23,000.00","23,000.00",Rs./Quintal,15-09-2023
Kerala,Wayanad,Kalpetta APMC,Beverages,Coffee,Other,FAQ,"23,100.00","23,200.00","23,200.00",Rs./Quintal,14-09-2023
Kerala,Wayanad,Kalpetta APMC,Beverages,Coffee,Other,FAQ,"23,000.00","23,100.00","23,100.00",Rs./Quintal,13-09-2023
Kerala,Wayanad,Kalpetta APMC,Beverages,Coffee,Other,FAQ,"23,400.00","23,500.00","23,500.00",Rs./Quintal,12-09-2023
Kerala,Wayanad,Kalpetta APMC,Beverages,Coffee,Other,FAQ,"23,200.00","23,300.00","23,300.00",Rs./Quintal,11-09-2023
Kerala,Wayanad,Kalpetta APMC,Beverages,Coffee,Other,FAQ,"22,900.00","23,000.00","23,000.00",Rs./Quintal,08-09-2023
Kerala,Wayanad,Kalpetta APMC,Beverages,Coffee,Other,FAQ,"22,900.00","23,000.00","23,000.00",Rs./Quintal,07-09-2023
Kerala,Wayanad,Kalpetta APMC,Beverages,Coffee,Other,FAQ,"23,400.00","23,500.00","23,500.00",Rs./Quintal,06-09-2023
Kerala,Wayanad,Kalpetta APMC,Beverages,Coffee,Other,FAQ,"23,400.00","23,500.00","23,500.00",Rs./Quintal,05-09-2023
Kerala,Wayanad,Kalpetta APMC,Beverages,Coffee,Other,FAQ,"23,400.00","23,500.00","23,500.00",Rs./Quintal,04-09-2023
Kerala,Wayanad,Kalpetta APMC,Beverages,Coffee,Other,FAQ,"23,200.00","23,300.00","23,300.00",Rs./Quintal,02-09-2023
Kerala,Wayanad,Kalpetta APMC,Beverages,Coffee,Other,FAQ,"23,400.00","23,500.00","23,500.00",Rs./Quintal,01-09-2023
Kerala,Wayanad,Kalpetta APMC,Beverages,Coffee,Other,FAQ,"23,400.00","23,500.00","23,500.00",Rs./Quintal,31-08-2023
Kerala,Wayanad,Kalpetta APMC,Beverages,Coffee,Other,FAQ,"23,400.00","23,500.00","23,500.00",Rs./Quintal,30-08-2023
Kerala,Wayanad,Kalpetta APMC,Beverages,Coffee,Other,FAQ,"23,400.00","23,500.00","23,500.00",Rs./Quintal,28-08-2023
Kerala,Wayanad,Kalpetta APMC,Beverages,Coffee,Other,FAQ,"23,400.00","23,500.00","23,500.00",Rs./Quintal,27-08-2023
Kerala,Wayanad,Kalpetta APMC,Beverages,Coffee,Other,FAQ,"23,400.00","23,500.00","23,500.00",Rs./Quintal,26-08-2023
Kerala,Wayanad,Kalpetta APMC,Beverages,Coffee,Other,FAQ,"23,400.00","23,500.00","23,500.00",Rs./Quintal,25-08-2023
Kerala,Wayanad,Kalpetta APMC,Beverages,Coffee,Other,FAQ,"23,400.00","23,500.00","23,500.00",Rs./Quintal,24-08-2023
Kerala,Wayanad,Kalpetta APMC,Beverages,Coffee,Other,FAQ,"23,400.00","23,500.00","23,500.00",Rs./Quintal,23-08-2023
Kerala,Wayanad,Kalpetta APMC,Beverages,Coffee,Other,FAQ,"23,400.00","23,500.00","23,500.00",Rs./Quintal,22-08-2023
Kerala,Wayanad,Kalpetta APMC,Beverages,Coffee,Other,FAQ,"23,400.00","23,500.00","23,500.00",Rs./Quintal,21-08-2023
Kerala,Wayanad,Kalpetta APMC,Beverages,Coffee,Other,FAQ,"23,400.00","23,500.00","23,500.00",Rs./Quintal,19-08-2023
Kerala,Wayanad,Kalpetta APMC,Beverages,Coffee,Other,FAQ,"23,700.00","23,800.00","23,800.00",Rs./Quintal,18-08-2023
Kerala,Wayanad,Kalpetta APMC,Beverages,Coffee,Other,FAQ,"24,000.00","24,100.00","24,100.00",Rs./Quintal,17-08-2023
Kerala,Wayanad,Kalpetta APMC,Beverages,Coffee,Other,FAQ,"23,900.00","24,000.00","24,000.00",Rs./Quintal,16-08-2023
Kerala,Wayanad,Kalpetta APMC,Beverages,Coffee,Other,FAQ,"24,000.00","24,100.00","24,100.00",Rs./Quintal,15-08-2023
Kerala,Wayanad,Kalpetta APMC,Beverages,Coffee,Other,FAQ,"24,000.00","24,100.00","24,100.00",Rs./Quintal,14-08-2023
Kerala,Wayanad,Kalpetta APMC,Beverages,Coffee,Other,FAQ,"24,000.00","24,100.00","24,100.00",Rs./Quintal,12-08-2023
Kerala,Wayanad,Kalpetta APMC,Beverages,Coffee,Other,FAQ,"24,000.00","24,100.00","24,100.00",Rs./Quintal,11-08-2023
Kerala,Wayanad,Kalpetta APMC,Beverages,Coffee,Other,FAQ,"24,100.00","24,200.00","24,200.00",Rs./Quintal,10-08-2023
Kerala,Wayanad,Kalpetta APMC,Beverages,Coffee,Other,FAQ,"23,900.00","24,000.00","24,000.00",Rs./Quintal,09-08-2023
Kerala,Wayanad,Kalpetta APMC,Beverages,Coffee,Other,FAQ,"24,100.00","24,200.00","24,200.00",Rs./Quintal,08-08-2023
Kerala,Wayanad,Kalpetta APMC,Beverages,Coffee,Other,FAQ,"24,200.00","24,300.00","24,300.00",Rs./Quintal,04-08-2023
Kerala,Wayanad,Kalpetta APMC,Beverages,Coffee,Other,FAQ,"24,400.00","24,500.00","24,500.00",Rs./Quintal,03-08-2023
Kerala,Wayanad,Kalpetta APMC,Beverages,Coffee,Other,FAQ,"24,200.00","24,300.00","24,300.00",Rs./Quintal,02-08-2023
Kerala,Wayanad,Kalpetta APMC,Beverages,Coffee,Other,FAQ,"24,200.00","24,300.00","24,300.00",Rs./Quintal,01-08-2023
Kerala,Wayanad,Kalpetta APMC,Beverages,Coffee,Other,FAQ,"24,100.00","24,200.00","24,200.00",Rs./Quintal,31-07-2023
Kerala,Wayanad,Kalpetta APMC,Beverages,Coffee,Other,FAQ,"24,000.00","24,100.00","24,100.00",Rs./Quintal,29-07-2023
Kerala,Wayanad,Kalpetta APMC,Beverages,Coffee,Other,FAQ,"23,800.00","23,900.00","23,900.00",Rs./Quintal,27-07-2023
Kerala,Wayanad,Kalpetta APMC,Beverages,Coffee,Other,FAQ,"23,700.00","23,800.00","23,800.00",Rs./Quintal,26-07-2023
Kerala,Wayanad,Kalpetta APMC,Beverages,Coffee,Other,FAQ,"23,500.00","23,600.00","23,600.00",Rs./Quintal,25-07-2023
Kerala,Wayanad,Kalpetta APMC,Beverages,Coffee,Other,FAQ,"23,500.00","23,600.00","23,600.00",Rs./Quintal,24-07-2023
Kerala,Wayanad,Kalpetta APMC,Beverages,Coffee,Other,FAQ,"23,000.00","23,100.00","23,100.00",Rs./Quintal,22-07-2023
Kerala,Wayanad,Kalpetta APMC,Beverages,Coffee,Other,FAQ,"23,000.00","23,100.00","23,100.00",Rs./Quintal,21-07-2023
Kerala,Wayanad,Kalpetta APMC,Beverages,Coffee,Other,FAQ,"22,600.00","22,700.00","22,700.00",Rs./Quintal,19-07-2023
Kerala,Wayanad,Kalpetta APMC,Beverages,Coffee,Other,FAQ,"22,600.00","22,700.00","22,700.00",Rs./Quintal,18-07-2023
Kerala,Wayanad,Kalpetta APMC,Beverages,Coffee,Other,FAQ,"22,600.00","22,700.00","22,700.00",Rs./Quintal,17-07-2023
Kerala,Wayanad,Kalpetta APMC,Beverages,Coffee,Other,FAQ,"22,900.00","23,000.00","23,000.00",Rs./Quintal,15-07-2023
Kerala,Wayanad,Kalpetta APMC,Beverages,Coffee,Other,FAQ,"22,900.00","23,000.00","23,000.00",Rs./Quintal,14-07-2023
Kerala,Wayanad,Kalpetta APMC,Beverages,Coffee,Other,FAQ,"22,900.00","23,000.00","23,000.00",Rs./Quintal,13-07-2023
Kerala,Wayanad,Kalpetta APMC,Beverages,Coffee,Other,FAQ,"23,000.00","23,100.00","23,100.00",Rs./Quintal,12-07-2023
Kerala,Wayanad,Kalpetta APMC,Beverages,Coffee,Other,FAQ,"22,900.00","23,000.00","23,000.00",Rs./Quintal,11-07-2023
Kerala,Wayanad,Kalpetta APMC,Beverages,Coffee,Other,FAQ,"22,900.00","23,000.00","23,000.00",Rs./Quintal,10-07-2023
Kerala,Wayanad,Kalpetta APMC,Beverages,Coffee,Other,FAQ,"23,000.00","23,100.00","23,100.00",Rs./Quintal,09-07-2023
Kerala,Wayanad,Kalpetta APMC,Beverages,Coffee,Other,FAQ,"23,000.00","23,100.00","23,100.00",Rs./Quintal,08-07-2023
Kerala,Wayanad,Kalpetta APMC,Beverages,Coffee,Other,FAQ,"23,400.00","23,500.00","23,500.00",Rs./Quintal,06-07-2023
Kerala,Wayanad,Kalpetta APMC,Beverages,Coffee,Other,FAQ,"23,900.00","24,000.00","24,000.00",Rs./Quintal,05-07-2023
Kerala,Wayanad,Kalpetta APMC,Beverages,Coffee,Other,FAQ,"24,700.00","24,800.00","24,800.00",Rs./Quintal,04-07-2023
Kerala,Wayanad,Kalpetta APMC,Beverages,Coffee,Other,FAQ,"24,700.00","24,800.00","24,800.00",Rs./Quintal,03-07-2023
Kerala,Wayanad,Kalpetta APMC,Beverages,Coffee,Other,FAQ,"24,600.00","24,700.00","24,700.00",Rs./Quintal,01-07-2023
Kerala,Wayanad,Kalpetta APMC,Beverages,Coffee,Other,FAQ,"24,600.00","24,700.00","24,700.00",Rs./Quintal,30-06-2023
Kerala,Wayanad,Kalpetta APMC,Beverages,Coffee,Other,FAQ,"24,400.00","24,500.00","24,500.00",Rs./Quintal,28-06-2023
Kerala,Wayanad,Kalpetta APMC,Beverages,Coffee,Other,FAQ,"24,400.00","24,500.00","24,500.00",Rs./Quintal,27-06-2023
Kerala,Wayanad,Kalpetta APMC,Beverages,Coffee,Other,FAQ,"24,500.00","24,600.00","24,600.00",Rs./Quintal,26-06-2023
Kerala,Wayanad,Kalpetta APMC,Beverages,Coffee,Other,FAQ,"24,300.00","24,400.00","24,400.00",Rs./Quintal,24-06-2023
Kerala,Wayanad,Kalpetta APMC,Beverages,Coffee,Other,FAQ,"24,300.00","24,400.00","24,400.00",Rs./Quintal,23-06-2023
Kerala,Wayanad,Kalpetta APMC,Beverages,Coffee,Other,FAQ,"24,400.00","24,500.00","24,500.00",Rs./Quintal,22-06-2023
Kerala,Wayanad,Kalpetta APMC,Beverages,Coffee,Other,FAQ,"24,400.00","24,500.00","24,500.00",Rs./Quintal,21-06-2023
Kerala,Wayanad,Kalpetta APMC,Beverages,Coffee,Other,FAQ,"24,300.00","24,400.00","24,400.00",Rs./Quintal,20-06-2023
Kerala,Wayanad,Kalpetta APMC,Beverages,Coffee,Other,FAQ,"24,200.00","24,300.00","24,300.00",Rs./Quintal,19-06-2023
Kerala,Wayanad,Kalpetta APMC,Beverages,Coffee,Other,FAQ,"24,200.00","24,300.00","24,300.00",Rs./Quintal,17-06-2023
Kerala,Wayanad,Kalpetta APMC,Beverages,Coffee,Other,FAQ,"23,500.00","23,600.00","23,600.00",Rs./Quintal,16-06-2023
Kerala,Wayanad,Kalpetta APMC,Beverages,Coffee,Other,FAQ,"23,700.00","23,800.00","23,800.00",Rs./Quintal,15-06-2023
Kerala,Wayanad,Kalpetta APMC,Beverages,Coffee,Other,FAQ,"23,600.00","23,700.00","23,700.00",Rs./Quintal,14-06-2023
Kerala,Wayanad,Kalpetta APMC,Beverages,Coffee,Other,FAQ,"23,400.00","23,500.00","23,500.00",Rs./Quintal,13-06-2023
Kerala,Wayanad,Kalpetta APMC,Beverages,Coffee,Other,FAQ,"23,300.00","23,400.00","23,400.00",Rs./Quintal,12-06-2023
Kerala,Wayanad,Kalpetta APMC,Beverages,Coffee,Other,FAQ,"23,300.00","23,400.00","23,400.00",Rs./Quintal,09-06-2023
Kerala,Wayanad,Kalpetta APMC,Beverages,Coffee,Other,FAQ,"23,300.00","23,400.00","23,400.00",Rs./Quintal,08-06-2023
Kerala,Wayanad,Kalpetta APMC,Beverages,Coffee,Other,FAQ,"23,200.00","23,300.00","23,300.00",Rs./Quintal,07-06-2023
Kerala,Wayanad,Kalpetta APMC,Beverages,Coffee,Other,FAQ,"23,100.00","23,200.00","23,200.00",Rs./Quintal,06-06-2023
Kerala,Wayanad,Kalpetta APMC,Beverages,Coffee,Other,FAQ,"23,100.00","23,200.00","23,200.00",Rs./Quintal,05-06-2023
Kerala,Wayanad,Kalpetta APMC,Beverages,Coffee,Other,FAQ,"23,100.00","23,200.00","23,200.00",Rs./Quintal,03-06-2023
Kerala,Wayanad,Kalpetta APMC,Beverages,Coffee,Other,FAQ,"23,000.00","24,000.00","24,000.00",Rs./Quintal,02-06-2023
Kerala,Wayanad,Kalpetta APMC,Beverages,Coffee,Other,FAQ,"22,900.00","23,000.00","23,000.00",Rs./Quintal,01-06-2023
Kerala,Wayanad,Kalpetta APMC,Beverages,Coffee,Other,FAQ,"22,800.00","22,900.00","22,900.00",Rs./Quintal,31-05-2023
Kerala,Wayanad,Kalpetta APMC,Beverages,Coffee,Other,FAQ,"22,900.00","23,000.00","23,000.00",Rs./Quintal,30-05-2023
Kerala,Wayanad,Kalpetta APMC,Beverages,Coffee,Other,FAQ,"22,900.00","23,000.00","23,000.00",Rs./Quintal,29-05-2023
Kerala,Wayanad,Kalpetta APMC,Beverages,Coffee,Other,FAQ,"22,900.00","23,000.00","23,000.00",Rs./Quintal,27-05-2023
Kerala,Wayanad,Kalpetta APMC,Beverages,Coffee,Other,FAQ,"22,800.00","22,900.00","22,900.00",Rs./Quintal,26-05-2023
Kerala,Wayanad,Kalpetta APMC,Beverages,Coffee,Other,FAQ,"22,700.00","22,700.00","22,700.00",Rs./Quintal,25-05-2023
Kerala,Wayanad,Kalpetta APMC,Beverages,Coffee,Other,FAQ,"22,500.00","22,600.00","22,600.00",Rs./Quintal,24-05-2023
Kerala,Wayanad,Kalpetta APMC,Beverages,Coffee,Other,FAQ,"22,500.00","22,600.00","22,600.00",Rs./Quintal,23-05-2023
Kerala,Wayanad,Kalpetta APMC,Beverages,Coffee,Other,FAQ,"22,600.00","22,700.00","22,700.00",Rs./Quintal,22-05-2023
Kerala,Wayanad,Kalpetta APMC,Beverages,Coffee,Other,FAQ,"22,500.00","22,600.00","22,600.00",Rs./Quintal,20-05-2023
Kerala,Wayanad,Kalpetta APMC,Beverages,Coffee,Other,FAQ,"22,400.00","22,500.00","22,500.00",Rs./Quintal,19-05-2023
Kerala,Wayanad,Kalpetta APMC,Beverages,Coffee,Other,FAQ,"22,500.00","22,600.00","22,600.00",Rs./Quintal,18-05-2023
Kerala,Wayanad,Kalpetta APMC,Beverages,Coffee,Other,FAQ,"22,300.00","22,400.00","22,400.00",Rs./Quintal,17-05-2023
Kerala,Wayanad,Kalpetta APMC,Beverages,Coffee,Other,FAQ,"22,500.00","22,600.00","22,600.00",Rs./Quintal,16-05-2023
Kerala,Wayanad,Kalpetta APMC,Beverages,Coffee,Other,FAQ,"22,400.00","22,500.00","22,500.00",Rs./Quintal,15-05-2023
Kerala,Wayanad,Kalpetta APMC,Beverages,Coffee,Other,FAQ,"22,400.00","22,500.00","22,500.00",Rs./Quintal,14-05-2023
Kerala,Wayanad,Kalpetta APMC,Beverages,Coffee,Other,FAQ,"22,400.00","22,500.00","22,500.00",Rs./Quintal,11-05-2023
Kerala,Wayanad,Kalpetta APMC,Beverages,Coffee,Other,FAQ,"22,400.00","22,500.00","22,500.00",Rs./Quintal,10-05-2023
Kerala,Wayanad,Kalpetta APMC,Beverages,Coffee,Other,FAQ,"22,400.00","22,500.00","22,500.00",Rs./Quintal,09-05-2023
Kerala,Wayanad,Kalpetta APMC,Beverages,Coffee,Other,FAQ,"22,500.00","22,600.00","22,600.00",Rs./Quintal,08-05-2023
Kerala,Wayanad,Kalpetta APMC,Beverages,Coffee,Other,FAQ,"22,500.00","22,600.00","22,600.00",Rs./Quintal,06-05-2023
Kerala,Wayanad,Kalpetta APMC,Beverages,Coffee,Other,FAQ,"22,500.00","22,600.00","22,600.00",Rs./Quintal,05-05-2023
Kerala,Wayanad,Kalpetta APMC,Beverages,Coffee,Other,FAQ,"22,500.00","22,600.00","22,600.00",Rs./Quintal,04-05-2023
Kerala,Wayanad,Kalpetta APMC,Beverages,Coffee,Other,FAQ,"22,300.00","22,400.00","22,400.00",Rs./Quintal,03-05-2023
Kerala,Wayanad,Kalpetta APMC,Beverages,Coffee,Other,FAQ,"22,500.00","22,600.00","22,600.00",Rs./Quintal,02-05-2023
Kerala,Wayanad,Kalpetta APMC,Beverages,Coffee,Other,FAQ,"22,500.00","22,600.00","22,600.00",Rs./Quintal,29-04-2023
Kerala,Wayanad,Kalpetta APMC,Beverages,Coffee,Other,FAQ,"22,500.00","22,600.00","22,600.00",Rs./Quintal,28-04-2023
Kerala,Wayanad,Kalpetta APMC,Beverages,Coffee,Other,FAQ,"22,300.00","22,400.00","22,400.00",Rs./Quintal,27-04-2023
Kerala,Wayanad,Kalpetta APMC,Beverages,Coffee,Other,FAQ,"22,000.00","22,100.00","22,100.00",Rs./Quintal,25-04-2023
Kerala,Wayanad,Kalpetta APMC,Beverages,Coffee,Other,FAQ,"21,900.00","22,000.00","22,000.00",Rs./Quintal,24-04-2023
Kerala,Wayanad,Kalpetta APMC,Beverages,Coffee,Other,FAQ,"21,900.00","22,000.00","22,000.00",Rs./Quintal,23-04-2023
Kerala,Wayanad,Kalpetta APMC,Beverages,Coffee,Other,FAQ,"21,800.00","21,900.00","21,900.00",Rs./Quintal,22-04-2023
Kerala,Wayanad,Kalpetta APMC,Beverages,Coffee,Other,FAQ,"21,800.00","21,900.00","21,900.00",Rs./Quintal,21-04-2023
Kerala,Wayanad,Kalpetta APMC,Beverages,Coffee,Other,FAQ,"21,800.00","22,800.00","22,800.00",Rs./Quintal,20-04-2023
Kerala,Wayanad,Kalpetta APMC,Beverages,Coffee,Other,FAQ,"21,400.00","21,500.00","21,500.00",Rs./Quintal,19-04-2023
Kerala,Wayanad,Kalpetta APMC,Beverages,Coffee,Other,FAQ,"21,300.00","21,400.00","21,400.00",Rs./Quintal,18-04-2023
Kerala,Wayanad,Kalpetta APMC,Beverages,Coffee,Other,FAQ,"20,400.00","20,500.00","20,500.00",Rs./Quintal,17-04-2023
Kerala,Wayanad,Kalpetta APMC,Beverages,Coffee,Other,FAQ,"20,400.00","20,500.00","20,500.00",Rs./Quintal,15-04-2023
Kerala,Wayanad,Kalpetta APMC,Beverages,Coffee,Other,FAQ,"20,400.00","20,500.00","20,500.00",Rs./Quintal,14-04-2023
Kerala,Wayanad,Kalpetta APMC,Beverages,Coffee,Other,FAQ,"20,400.00","20,500.00","20,500.00",Rs./Quintal,13-04-2023
Kerala,Wayanad,Kalpetta APMC,Beverages,Coffee,Other,FAQ,"20,400.00","20,500.00","20,500.00",Rs./Quintal,12-04-2023
Kerala,Wayanad,Kalpetta APMC,Beverages,Coffee,Other,FAQ,"20,400.00","20,500.00","20,500.00",Rs./Quintal,11-04-2023
Kerala,Wayanad,Kalpetta APMC,Beverages,Coffee,Other,FAQ,"20,400.00","20,500.00","20,500.00",Rs./Quintal,10-04-2023
Kerala,Wayanad,Kalpetta APMC,Beverages,Coffee,Other,FAQ,"20,400.00","20,500.00","20,500.00",Rs./Quintal,08-04-2023
Kerala,Wayanad,Kalpetta APMC,Beverages,Coffee,Other,FAQ,"19,900.00","20,000.00","20,000.00",Rs./Quintal,06-04-2023
Kerala,Wayanad,Kalpetta APMC,Beverages,Coffee,Other,FAQ,"19,900.00","20,000.00","20,000.00",Rs./Quintal,05-04-2023
Kerala,Wayanad,Kalpetta APMC,Beverages,Coffee,Other,FAQ,"19,800.00","19,900.00","19,900.00",Rs./Quintal,04-04-2023
Kerala,Wayanad,Kalpetta APMC,Beverages,Coffee,Other,FAQ,"19,400.00","19,500.00","19,500.00",Rs./Quintal,03-04-2023
Kerala,Wayanad,Kalpetta APMC,Beverages,Coffee,Other,FAQ,"19,400.00","19,500.00","19,500.00",Rs./Quintal,01-04-2023
Kerala,Wayanad,Kalpetta APMC,Beverages,Coffee,Other,FAQ,"19,300.00","19,400.00","19,400.00",Rs./Quintal,31-03-2023
Kerala,Wayanad,Kalpetta APMC,Beverages,Coffee,Other,FAQ,"19,300.00","19,400.00","19,400.00",Rs./Quintal,30-03-2023
Kerala,Wayanad,Kalpetta APMC,Beverages,Coffee,Other,FAQ,"19,200.00","19,300.00","19,300.00",Rs./Quintal,28-03-2023
Kerala,Wayanad,Kalpetta APMC,Beverages,Coffee,Other,FAQ,"19,200.00","19,300.00","19,300.00",Rs./Quintal,27-03-2023
Kerala,Wayanad,Kalpetta APMC,Beverages,Coffee,Other,FAQ,"19,100.00","19,200.00","19,200.00",Rs./Quintal,25-03-2023
Kerala,Wayanad,Kalpetta APMC,Beverages,Coffee,Other,FAQ,"19,500.00","19,600.00","19,600.00",Rs./Quintal,24-03-2023
Kerala,Wayanad,Kalpetta APMC,Beverages,Coffee,Other,FAQ,"19,300.00","19,400.00","19,400.00",Rs./Quintal,23-03-2023
Kerala,Wayanad,Kalpetta APMC,Beverages,Coffee,Other,FAQ,"19,400.00","19,500.00","19,500.00",Rs./Quintal,22-03-2023
Kerala,Wayanad,Kalpetta APMC,Beverages,Coffee,Other,FAQ,"19,400.00","19,500.00","19,500.00",Rs./Quintal,21-03-2023
Kerala,Wayanad,Kalpetta APMC,Beverages,Coffee,Other,FAQ,"19,600.00","19,700.00","19,700.00",Rs./Quintal,20-03-2023
Kerala,Wayanad,Kalpetta APMC,Beverages,Coffee,Other,FAQ,"19,800.00","19,900.00","19,900.00",Rs./Quintal,18-03-2023
Kerala,Wayanad,Kalpetta APMC,Beverages,Coffee,Other,FAQ,"19,800.00","19,900.00","19,900.00",Rs./Quintal,17-03-2023
Kerala,Wayanad,Kalpetta APMC,Beverages,Coffee,Other,FAQ,"19,800.00","19,900.00","19,900.00",Rs./Quintal,16-03-2023
Kerala,Wayanad,Kalpetta APMC,Beverages,Coffee,Other,FAQ,"19,900.00","20,000.00","20,000.00",Rs./Quintal,15-03-2023
Kerala,Wayanad,Kalpetta APMC,Beverages,Coffee,Other,FAQ,"11,900.00","20,000.00","20,000.00",Rs./Quintal,14-03-2023
Kerala,Wayanad,Kalpetta APMC,Beverages,Coffee,Other,FAQ,"19,900.00","20,000.00","20,000.00",Rs./Quintal,13-03-2023
Kerala,Wayanad,Kalpetta APMC,Beverages,Coffee,Other,FAQ,"20,100.00","20,200.00","20,200.00",Rs./Quintal,10-03-2023
Kerala,Wayanad,Kalpetta APMC,Beverages,Coffee,Other,FAQ,"20,100.00","20,200.00","20,200.00",Rs./Quintal,09-03-2023
Kerala,Wayanad,Kalpetta APMC,Beverages,Coffee,Other,FAQ,"20,200.00","20,300.00","20,300.00",Rs./Quintal,08-03-2023
Kerala,Wayanad,Kalpetta APMC,Beverages,Coffee,Other,FAQ,"20,200.00","20,300.00","20,300.00",Rs./Quintal,07-03-2023
Kerala,Wayanad,Kalpetta APMC,Beverages,Coffee,Other,FAQ,"20,200.00","20,300.00","20,300.00",Rs./Quintal,06-03-2023
Kerala,Wayanad,Kalpetta APMC,Beverages,Coffee,Other,FAQ,"20,200.00","20,300.00","20,300.00",Rs./Quintal,04-03-2023
Kerala,Wayanad,Kalpetta APMC,Beverages,Coffee,Other,FAQ,"20,100.00","20,200.00","20,200.00",Rs./Quintal,03-03-2023
Kerala,Wayanad,Kalpetta APMC,Beverages,Coffee,Other,FAQ,"20,100.00","20,200.00","20,200.00",Rs./Quintal,02-03-2023
Kerala,Wayanad,Kalpetta APMC,Beverages,Coffee,Other,FAQ,"20,100.00","20,200.00","20,200.00",Rs./Quintal,01-03-2023
Kerala,Wayanad,Kalpetta APMC,Beverages,Coffee,Other,FAQ,"11,900.00","12,000.00","12,000.00",Rs./Quintal,28-02-2023
Kerala,Wayanad,Kalpetta APMC,Beverages,Coffee,Other,FAQ,"19,900.00","20,000.00","20,000.00",Rs./Quintal,27-02-2023
Kerala,Wayanad,Kalpetta APMC,Beverages,Coffee,Other,FAQ,"19,900.00","20,000.00","20,000.00",Rs./Quintal,25-02-2023
Kerala,Wayanad,Kalpetta APMC,Beverages,Coffee,Other,FAQ,"19,200.00","19,300.00","19,300.00",Rs./Quintal,24-02-2023
Kerala,Wayanad,Kalpetta APMC,Beverages,Coffee,Other,FAQ,"19,300.00","19,400.00","19,400.00",Rs./Quintal,23-02-2023
Kerala,Wayanad,Kalpetta APMC,Beverages,Coffee,Other,FAQ,"18,800.00","18,900.00","18,900.00",Rs./Quintal,22-02-2023
Kerala,Wayanad,Kalpetta APMC,Beverages,Coffee,Other,FAQ,"18,700.00","18,800.00","18,800.00",Rs./Quintal,21-02-2023
Kerala,Wayanad,Kalpetta APMC,Beverages,Coffee,Other,FAQ,"18,400.00","18,500.00","18,500.00",Rs./Quintal,20-02-2023
Kerala,Wayanad,Kalpetta APMC,Beverages,Coffee,Other,FAQ,"18,400.00","18,500.00","18,500.00",Rs./Quintal,17-02-2023
Kerala,Wayanad,Kalpetta APMC,Beverages,Coffee,Other,FAQ,"18,300.00","18,400.00","18,400.00",Rs./Quintal,16-02-2023
Kerala,Wayanad,Kalpetta APMC,Beverages,Coffee,Other,FAQ,"18,200.00","18,300.00","18,300.00",Rs./Quintal,15-02-2023
Kerala,Wayanad,Kalpetta APMC,Beverages,Coffee,Other,FAQ,"18,100.00","18,200.00","18,200.00",Rs./Quintal,14-02-2023
Kerala,Wayanad,Kalpetta APMC,Beverages,Coffee,Other,FAQ,"17,800.00","17,900.00","17,900.00",Rs./Quintal,13-02-2023
Kerala,Wayanad,Kalpetta APMC,Beverages,Coffee,Other,FAQ,"17,900.00","18,000.00","18,000.00",Rs./Quintal,11-02-2023
Kerala,Wayanad,Kalpetta APMC,Beverages,Coffee,Other,FAQ,"17,700.00","17,800.00","17,800.00",Rs./Quintal,10-02-2023
Kerala,Wayanad,Kalpetta APMC,Beverages,Coffee,Other,FAQ,"17,700.00","17,800.00","17,800.00",Rs./Quintal,09-02-2023
Kerala,Wayanad,Kalpetta APMC,Beverages,Coffee,Other,FAQ,"17,700.00","17,800.00","17,800.00",Rs./Quintal,08-02-2023
Kerala,Wayanad,Kalpetta APMC,Beverages,Coffee,Other,FAQ,"17,700.00","17,800.00","17,800.00",Rs./Quintal,07-02-2023
Kerala,Wayanad,Kalpetta APMC,Beverages,Coffee,Other,FAQ,"17,700.00","17,800.00","17,800.00",Rs./Quintal,06-02-2023
Kerala,Wayanad,Kalpetta APMC,Beverages,Coffee,Other,FAQ,"17,600.00","17,700.00","17,700.00",Rs./Quintal,04-02-2023
Kerala,Wayanad,Kalpetta APMC,Beverages,Coffee,Other,FAQ,"17,600.00","17,700.00","17,700.00",Rs./Quintal,03-02-2023
Kerala,Wayanad,Kalpetta APMC,Beverages,Coffee,Other,FAQ,"17,200.00","17,300.00","17,300.00",Rs./Quintal,02-02-2023
Kerala,Wayanad,Kalpetta APMC,Beverages,Coffee,Other,FAQ,"17,100.00","17,200.00","17,200.00",Rs./Quintal,01-02-2023
Kerala,Wayanad,Kalpetta APMC,Beverages,Coffee,Other,FAQ,"16,700.00","16,800.00","16,800.00",Rs./Quintal,31-01-2023
Kerala,Wayanad,Kalpetta APMC,Beverages,Coffee,Other,FAQ,"16,700.00","16,800.00","16,800.00",Rs./Quintal,30-01-2023
Kerala,Wayanad,Kalpetta APMC,Beverages,Coffee,Other,FAQ,"16,300.00","16,400.00","16,400.00",Rs./Quintal,29-01-2023
Kerala,Wayanad,Kalpetta APMC,Beverages,Coffee,Other,FAQ,"16,300.00","16,400.00","16,400.00",Rs./Quintal,28-01-2023
Kerala,Wayanad,Kalpetta APMC,Beverages,Coffee,Other,FAQ,"16,200.00","16,300.00","16,300.00",Rs./Quintal,27-01-2023
Kerala,Wayanad,Kalpetta APMC,Beverages,Coffee,Other,FAQ,"16,200.00","16,300.00","16,300.00",Rs./Quintal,26-01-2023
Kerala,Wayanad,Kalpetta APMC,Beverages,Coffee,Other,FAQ,"16,100.00","16,200.00","16,200.00",Rs./Quintal,25-01-2023
Kerala,Wayanad,Kalpetta APMC,Beverages,Coffee,Other,FAQ,"16,100.00","16,200.00","16,200.00",Rs./Quintal,24-01-2023
Kerala,Wayanad,Kalpetta APMC,Beverages,Coffee,Other,FAQ,"16,200.00","16,300.00","16,300.00",Rs./Quintal,23-01-2023
Kerala,Wayanad,Kalpetta APMC,Beverages,Coffee,Other,FAQ,"16,200.00","16,300.00","16,300.00",Rs./Quintal,22-01-2023
Kerala,Wayanad,Kalpetta APMC,Beverages,Coffee,Other,FAQ,"16,200.00","16,300.00","16,300.00",Rs./Quintal,21-01-2023
Kerala,Wayanad,Kalpetta APMC,Beverages,Coffee,Other,FAQ,"16,200.00","16,300.00","16,300.00",Rs./Quintal,20-01-2023
Kerala,Wayanad,Kalpetta APMC,Beverages,Coffee,Other,FAQ,"16,100.00","16,200.00","16,200.00",Rs./Quintal,19-01-2023
Kerala,Wayanad,Kalpetta APMC,Beverages,Coffee,Other,FAQ,"16,000.00","16,100.00","16,100.00",Rs./Quintal,18-01-2023
Kerala,Wayanad,Kalpetta APMC,Beverages,Coffee,Other,FAQ,"16,100.00","16,200.00","16,200.00",Rs./Quintal,17-01-2023
Kerala,Wayanad,Kalpetta APMC,Beverages,Coffee,Other,FAQ,"16,100.00","16,200.00","16,200.00",Rs./Quintal,16-01-2023
Kerala,Wayanad,Kalpetta APMC,Beverages,Coffee,Other,FAQ,"15,900.00","16,000.00","16,000.00",Rs./Quintal,14-01-2023
Kerala,Wayanad,Kalpetta APMC,Beverages,Coffee,Other,FAQ,"15,900.00","16,000.00","16,000.00",Rs./Quintal,13-01-2023
Kerala,Wayanad,Kalpetta APMC,Beverages,Coffee,Other,FAQ,"15,900.00","16,000.00","16,000.00",Rs./Quintal,12-01-2023
Kerala,Wayanad,Kalpetta APMC,Beverages,Coffee,Other,FAQ,"15,900.00","16,000.00","16,000.00",Rs./Quintal,11-01-2023
Kerala,Wayanad,Kalpetta APMC,Beverages,Coffee,Other,FAQ,"15,900.00","16,000.00","16,000.00",Rs./Quintal,10-01-2023
Kerala,Wayanad,Kalpetta APMC,Beverages,Coffee,Other,FAQ,"15,900.00","16,000.00","16,000.00",Rs./Quintal,09-01-2023
Kerala,Wayanad,Kalpetta APMC,Beverages,Coffee,Other,FAQ,"15,700.00","15,800.00","15,800.00",Rs./Quintal,08-01-2023
Kerala,Wayanad,Kalpetta APMC,Beverages,Coffee,Other,FAQ,"15,900.00","16,000.00","16,000.00",Rs./Quintal,07-01-2023
Kerala,Wayanad,Kalpetta APMC,Beverages,Coffee,Other,FAQ,"15,600.00","15,700.00","15,700.00",Rs./Quintal,04-01-2023
Kerala,Wayanad,Kalpetta APMC,Beverages,Coffee,Other,FAQ,"15,900.00","16,000.00","16,000.00",Rs./Quintal,03-01-2023
Kerala,Wayanad,Kalpetta APMC,Beverages,Coffee,Other,FAQ,"15,900.00","16,000.00","16,000.00",Rs./Quintal,02-01-2023
Kerala,Wayanad,Manathavady APMC,Beverages,Coffee,Other,FAQ,"14,000.00","14,500.00","14,500.00",Rs./Quintal,30-12-2023
Kerala,Wayanad,Manathavady APMC,Beverages,Coffee,Other,FAQ,"13,600.00","13,800.00","13,800.00",Rs./Quintal,29-12-2023
Kerala,Wayanad,Manathavady APMC,Beverages,Coffee,Other,FAQ,"13,600.00","13,800.00","13,800.00",Rs./Quintal,28-12-2023
Kerala,Wayanad,Manathavady APMC,Beverages,Coffee,Other,FAQ,"13,800.00","13,900.00","13,900.00",Rs./Quintal,27-12-2023
Kerala,Wayanad,Manathavady APMC,Beverages,Coffee,Other,FAQ,"13,800.00","13,900.00","13,900.00",Rs./Quintal,26-12-2023
Kerala,Wayanad,Manathavady APMC,Beverages,Coffee,Other,FAQ,"13,600.00","13,800.00","13,700.00",Rs./Quintal,21-12-2023
Kerala,Wayanad,Manathavady APMC,Beverages,Coffee,Other,FAQ,"13,800.00","13,800.00","13,800.00",Rs./Quintal,20-12-2023
Kerala,Wayanad,Manathavady APMC,Beverages,Coffee,Other,FAQ,"13,800.00","14,000.00","14,000.00",Rs./Quintal,18-12-2023
Kerala,Wayanad,Manathavady APMC,Beverages,Coffee,Other,FAQ,"13,800.00","14,000.00","14,000.00",Rs./Quintal,16-12-2023
Kerala,Wayanad,Manathavady APMC,Beverages,Coffee,Other,FAQ,"13,600.00","13,800.00","13,800.00",Rs./Quintal,15-12-2023
Kerala,Wayanad,Manathavady APMC,Beverages,Coffee,Other,FAQ,"13,800.00","14,200.00","14,000.00",Rs./Quintal,14-12-2023
Kerala,Wayanad,Manathavady APMC,Beverages,Coffee,Other,FAQ,"13,600.00","13,800.00","13,700.00",Rs./Quintal,13-12-2023
Kerala,Wayanad,Manathavady APMC,Beverages,Coffee,Other,FAQ,"13,600.00","13,800.00","13,800.00",Rs./Quintal,12-12-2023
Kerala,Wayanad,Manathavady APMC,Beverages,Coffee,Other,FAQ,"13,600.00","13,800.00","13,800.00",Rs./Quintal,11-12-2023
Kerala,Wayanad,Manathavady APMC,Beverages,Coffee,Other,FAQ,"13,800.00","13,800.00","13,800.00",Rs./Quintal,09-12-2023
Kerala,Wayanad,Manathavady APMC,Beverages,Coffee,Other,FAQ,"13,600.00","13,800.00","13,800.00",Rs./Quintal,08-12-2023
Kerala,Wayanad,Manathavady APMC,Beverages,Coffee,Other,FAQ,"13,800.00","13,900.00","13,900.00",Rs./Quintal,07-12-2023
Kerala,Wayanad,Manathavady APMC,Beverages,Coffee,Other,FAQ,"13,600.00","13,800.00","13,800.00",Rs./Quintal,06-12-2023
Kerala,Wayanad,Manathavady APMC,Beverages,Coffee,Other,FAQ,"13,600.00","13,800.00","13,800.00",Rs./Quintal,05-12-2023
Kerala,Wayanad,Manathavady APMC,Beverages,Coffee,Other,FAQ,"13,600.00","13,800.00","13,800.00",Rs./Quintal,04-12-2023
Kerala,Wayanad,Manathavady APMC,Beverages,Coffee,Other,FAQ,"13,600.00","13,800.00","13,700.00",Rs./Quintal,02-12-2023
Kerala,Wayanad,Manathavady APMC,Beverages,Coffee,Other,FAQ,"13,600.00","13,800.00","13,800.00",Rs./Quintal,01-12-2023
Kerala,Wayanad,Manathavady APMC,Beverages,Coffee,Other,FAQ,"13,600.00","13,800.00","13,800.00",Rs./Quintal,30-11-2023
Kerala,Wayanad,Manathavady APMC,Beverages,Coffee,Other,FAQ,"13,500.00","13,800.00","13,800.00",Rs./Quintal,29-11-2023
Kerala,Wayanad,Manathavady APMC,Beverages,Coffee,Other,FAQ,"13,600.00","13,800.00","13,800.00",Rs./Quintal,27-11-2023
Kerala,Wayanad,Manathavady APMC,Beverages,Coffee,Other,FAQ,"13,600.00","13,800.00","13,700.00",Rs./Quintal,24-11-2023
Kerala,Wayanad,Manathavady APMC,Beverages,Coffee,Other,FAQ,"13,600.00","13,800.00","13,800.00",Rs./Quintal,23-11-2023
Kerala,Wayanad,Manathavady APMC,Beverages,Coffee,Other,FAQ,"13,700.00","13,800.00","13,800.00",Rs./Quintal,22-11-2023
Kerala,Wayanad,Manathavady APMC,Beverages,Coffee,Other,FAQ,"13,700.00","13,700.00","13,700.00",Rs./Quintal,21-11-2023
Kerala,Wayanad,Manathavady APMC,Beverages,Coffee,Other,FAQ,"13,200.00","13,400.00","13,400.00",Rs./Quintal,20-11-2023
Kerala,Wayanad,Manathavady APMC,Beverages,Coffee,Other,FAQ,"13,400.00","13,500.00","13,500.00",Rs./Quintal,18-11-2023
Kerala,Wayanad,Manathavady APMC,Beverages,Coffee,Other,FAQ,"13,600.00","13,700.00","13,700.00",Rs./Quintal,17-11-2023
Kerala,Wayanad,Manathavady APMC,Beverages,Coffee,Other,FAQ,"13,500.00","13,800.00","13,800.00",Rs./Quintal,16-11-2023
Kerala,Wayanad,Manathavady APMC,Beverages,Coffee,Other,FAQ,"13,300.00","13,500.00","13,400.00",Rs./Quintal,15-11-2023
Kerala,Wayanad,Manathavady APMC,Beverages,Coffee,Other,FAQ,"13,000.00","13,200.00","13,200.00",Rs./Quintal,14-11-2023
Kerala,Wayanad,Manathavady APMC,Beverages,Coffee,Other,FAQ,"13,600.00","13,800.00","13,800.00",Rs./Quintal,13-11-2023
Kerala,Wayanad,Manathavady APMC,Beverages,Coffee,Other,FAQ,"13,300.00","13,400.00","13,400.00",Rs./Quintal,10-11-2023
Kerala,Wayanad,Manathavady APMC,Beverages,Coffee,Other,FAQ,"13,000.00","13,300.00","13,300.00",Rs./Quintal,09-11-2023
Kerala,Wayanad,Manathavady APMC,Beverages,Coffee,Other,FAQ,"13,500.00","13,800.00","13,800.00",Rs./Quintal,08-11-2023
Kerala,Wayanad,Manathavady APMC,Beverages,Coffee,Other,FAQ,"13,000.00","13,300.00","13,300.00",Rs./Quintal,07-11-2023
Kerala,Wayanad,Manathavady APMC,Beverages,Coffee,Other,FAQ,"13,200.00","13,300.00","13,300.00",Rs./Quintal,06-11-2023
Kerala,Wayanad,Manathavady APMC,Beverages,Coffee,Other,FAQ,"13,000.00","13,200.00","13,200.00",Rs./Quintal,04-11-2023
Kerala,Wayanad,Manathavady APMC,Beverages,Coffee,Other,FAQ,"13,200.00","13,400.00","13,400.00",Rs./Quintal,03-11-2023
Kerala,Wayanad,Manathavady APMC,Beverages,Coffee,Other,FAQ,"13,000.00","13,200.00","13,200.00",Rs./Quintal,02-11-2023
Kerala,Wayanad,Manathavady APMC,Beverages,Coffee,Other,FAQ,"13,000.00","13,400.00","13,400.00",Rs./Quintal,01-11-2023
Kerala,Wayanad,Manathavady APMC,Beverages,Coffee,Other,FAQ,"13,500.00","13,700.00","13,700.00",Rs./Quintal,31-10-2023
Kerala,Wayanad,Manathavady APMC,Beverages,Coffee,Other,FAQ,"13,200.00","13,500.00","13,500.00",Rs./Quintal,30-10-2023
Kerala,Wayanad,Manathavady APMC,Beverages,Coffee,Other,FAQ,"13,300.00","13,400.00","13,400.00",Rs./Quintal,29-10-2023
Kerala,Wayanad,Manathavady APMC,Beverages,Coffee,Other,FAQ,"13,400.00","13,600.00","13,500.00",Rs./Quintal,28-10-2023
Kerala,Wayanad,Manathavady APMC,Beverages,Coffee,Other,FAQ,"13,000.00","13,400.00","13,400.00",Rs./Quintal,27-10-2023
Kerala,Wayanad,Manathavady APMC,Beverages,Coffee,Other,FAQ,"13,000.00","13,300.00","13,300.00",Rs./Quintal,26-10-2023
Kerala,Wayanad,Manathavady APMC,Beverages,Coffee,Other,FAQ,"13,000.00","13,300.00","13,300.00",Rs./Quintal,25-10-2023
Kerala,Wayanad,Manathavady APMC,Beverages,Coffee,Other,FAQ,"13,000.00","13,300.00","13,300.00",Rs./Quintal,24-10-2023
Kerala,Wayanad,Manathavady APMC,Beverages,Coffee,Other,FAQ,"13,000.00","13,300.00","13,300.00",Rs./Quintal,21-10-2023
Kerala,Wayanad,Manathavady APMC,Beverages,Coffee,Other,FAQ,"13,000.00","13,300.00","13,300.00",Rs./Quintal,20-10-2023
Kerala,Wayanad,Manathavady APMC,Beverages,Coffee,Other,FAQ,"13,000.00","13,300.00","13,300.00",Rs./Quintal,19-10-2023
Kerala,Wayanad,Manathavady APMC,Beverages,Coffee,Other,FAQ,"13,000.00","13,300.00","13,300.00",Rs./Quintal,18-10-2023
Kerala,Wayanad,Manathavady APMC,Beverages,Coffee,Other,FAQ,"13,000.00","13,300.00","13,300.00",Rs./Quintal,17-10-2023
Kerala,Wayanad,Manathavady APMC,Beverages,Coffee,Other,FAQ,"13,200.00","13,300.00","13,300.00",Rs./Quintal,16-10-2023
Kerala,Wayanad,Manathavady APMC,Beverages,Coffee,Other,FAQ,"13,000.00","13,300.00","13,300.00",Rs./Quintal,15-10-2023
Kerala,Wayanad,Manathavady APMC,Beverages,Coffee,Other,FAQ,"13,000.00","13,300.00","13,300.00",Rs./Quintal,14-10-2023
Kerala,Wayanad,Manathavady APMC,Beverages,Coffee,Other,FAQ,"13,200.00","13,300.00","13,300.00",Rs./Quintal,13-10-2023
Kerala,Wayanad,Manathavady APMC,Beverages,Coffee,Other,FAQ,"13,000.00","13,300.00","13,200.00",Rs./Quintal,12-10-2023
Kerala,Wayanad,Manathavady APMC,Beverages,Coffee,Other,FAQ,"13,200.00","13,500.00","13,500.00",Rs./Quintal,11-10-2023
Kerala,Wayanad,Manathavady APMC,Beverages,Coffee,Other,FAQ,"13,500.00","13,500.00","13,500.00",Rs./Quintal,10-10-2023
Kerala,Wayanad,Manathavady APMC,Beverages,Coffee,Other,FAQ,"13,100.00","13,200.00","13,200.00",Rs./Quintal,09-10-2023
Kerala,Wayanad,Manathavady APMC,Beverages,Coffee,Other,FAQ,"13,200.00","13,200.00","13,200.00",Rs./Quintal,08-10-2023
Kerala,Wayanad,Manathavady APMC,Beverages,Coffee,Other,FAQ,"13,000.00","13,500.00","13,500.00",Rs./Quintal,07-10-2023
Kerala,Wayanad,Manathavady APMC,Beverages,Coffee,Other,FAQ,"13,500.00","13,700.00","13,700.00",Rs./Quintal,06-10-2023
Kerala,Wayanad,Manathavady APMC,Beverages,Coffee,Other,FAQ,"13,000.00","13,800.00","13,800.00",Rs./Quintal,04-10-2023
Kerala,Wayanad,Manathavady APMC,Beverages,Coffee,Other,FAQ,"13,600.00","13,800.00","13,800.00",Rs./Quintal,03-10-2023
Kerala,Wayanad,Manathavady APMC,Beverages,Coffee,Other,FAQ,"13,600.00","13,900.00","13,800.00",Rs./Quintal,30-09-2023
Kerala,Wayanad,Manathavady APMC,Beverages,Coffee,Other,FAQ,"13,600.00","13,800.00","13,800.00",Rs./Quintal,29-09-2023
Kerala,Wayanad,Manathavady APMC,Beverages,Coffee,Other,FAQ,"13,500.00","13,800.00","13,800.00",Rs./Quintal,28-09-2023
Kerala,Wayanad,Manathavady APMC,Beverages,Coffee,Other,FAQ,"13,800.00","13,900.00","13,900.00",Rs./Quintal,27-09-2023
Kerala,Wayanad,Manathavady APMC,Beverages,Coffee,Other,FAQ,"13,600.00","13,800.00","13,800.00",Rs./Quintal,26-09-2023
Kerala,Wayanad,Manathavady APMC,Beverages,Coffee,Other,FAQ,"13,800.00","13,900.00","13,900.00",Rs./Quintal,22-09-2023
Kerala,Wayanad,Manathavady APMC,Beverages,Coffee,Other,FAQ,"13,800.00","13,900.00","13,900.00",Rs./Quintal,21-09-2023
Kerala,Wayanad,Manathavady APMC,Beverages,Coffee,Other,FAQ,"13,800.00","14,000.00","13,900.00",Rs./Quintal,20-09-2023
Kerala,Wayanad,Manathavady APMC,Beverages,Coffee,Other,FAQ,"13,800.00","13,900.00","13,900.00",Rs./Quintal,19-09-2023
Kerala,Wayanad,Manathavady APMC,Beverages,Coffee,Other,FAQ,"13,500.00","13,700.00","13,700.00",Rs./Quintal,18-09-2023
Kerala,Wayanad,Manathavady APMC,Beverages,Coffee,Other,FAQ,"13,000.00","13,300.00","13,200.00",Rs./Quintal,17-09-2023
Kerala,Wayanad,Manathavady APMC,Beverages,Coffee,Other,FAQ,"13,100.00","13,200.00","13,200.00",Rs./Quintal,16-09-2023
Kerala,Wayanad,Manathavady APMC,Beverages,Coffee,Other,FAQ,"13,000.00","13,400.00","13,200.00",Rs./Quintal,15-09-2023
Kerala,Wayanad,Manathavady APMC,Beverages,Coffee,Other,FAQ,"13,000.00","14,000.00","13,500.00",Rs./Quintal,13-09-2023
Kerala,Wayanad,Manathavady APMC,Beverages,Coffee,Other,FAQ,"12,700.00","12,900.00","12,800.00",Rs./Quintal,12-09-2023
Kerala,Wayanad,Manathavady APMC,Beverages,Coffee,Other,FAQ,"12,700.00","12,900.00","12,800.00",Rs./Quintal,11-09-2023
Kerala,Wayanad,Manathavady APMC,Beverages,Coffee,Other,FAQ,"12,800.00","13,400.00","13,000.00",Rs./Quintal,08-09-2023
Kerala,Wayanad,Manathavady APMC,Beverages,Coffee,Other,FAQ,"13,400.00","13,600.00","13,500.00",Rs./Quintal,07-09-2023
Kerala,Wayanad,Manathavady APMC,Beverages,Coffee,Other,FAQ,"12,000.00","13,500.00","13,000.00",Rs./Quintal,05-09-2023
Kerala,Wayanad,Manathavady APMC,Beverages,Coffee,Other,FAQ,"13,200.00","13,600.00","13,400.00",Rs./Quintal,04-09-2023
Kerala,Wayanad,Manathavady APMC,Beverages,Coffee,Other,FAQ,"12,000.00","14,000.00","13,000.00",Rs./Quintal,02-09-2023
Kerala,Wayanad,Manathavady APMC,Beverages,Coffee,Other,FAQ,"12,000.00","14,000.00","13,000.00",Rs./Quintal,01-09-2023
Kerala,Wayanad,Manathavady APMC,Beverages,Coffee,Other,FAQ,"12,900.00","13,100.00","13,000.00",Rs./Quintal,31-08-2023
Kerala,Wayanad,Manathavady APMC,Beverages,Coffee,Other,FAQ,"12,900.00","13,100.00","13,000.00",Rs./Quintal,28-08-2023
Kerala,Wayanad,Manathavady APMC,Beverages,Coffee,Other,FAQ,"12,900.00","13,100.00","13,000.00",Rs./Quintal,27-08-2023
Kerala,Wayanad,Manathavady APMC,Beverages,Coffee,Other,FAQ,"13,000.00","13,500.00","13,100.00",Rs./Quintal,26-08-2023
Kerala,Wayanad,Manathavady APMC,Beverages,Coffee,Other,FAQ,"13,000.00","13,150.00","13,100.00",Rs./Quintal,25-08-2023
Kerala,Wayanad,Manathavady APMC,Beverages,Coffee,Other,FAQ,"13,500.00","13,700.00","13,600.00",Rs./Quintal,24-08-2023
Kerala,Wayanad,Manathavady APMC,Beverages,Coffee,Other,FAQ,"12,500.00","13,500.00","13,000.00",Rs./Quintal,22-08-2023
Kerala,Wayanad,Manathavady APMC,Beverages,Coffee,Other,FAQ,"12,900.00","13,200.00","13,000.00",Rs./Quintal,21-08-2023
Kerala,Wayanad,Manathavady APMC,Beverages,Coffee,Other,FAQ,"13,400.00","13,700.00","13,600.00",Rs./Quintal,19-08-2023
Kerala,Wayanad,Manathavady APMC,Beverages,Coffee,Other,FAQ,"13,400.00","13,700.00","13,600.00",Rs./Quintal,18-08-2023
Kerala,Wayanad,Manathavady APMC,Beverages,Coffee,Other,FAQ,"14,100.00","14,300.00","14,200.00",Rs./Quintal,17-08-2023
Kerala,Wayanad,Manathavady APMC,Beverages,Coffee,Other,FAQ,"13,900.00","14,300.00","14,200.00",Rs./Quintal,16-08-2023
Kerala,Wayanad,Manathavady APMC,Beverages,Coffee,Other,FAQ,"13,900.00","14,100.00","14,000.00",Rs./Quintal,14-08-2023
Kerala,Wayanad,Manathavady APMC,Beverages,Coffee,Other,FAQ,"13,900.00","14,100.00","14,000.00",Rs./Quintal,11-08-2023
Kerala,Wayanad,Pulpally APMC,Beverages,Coffee,Other,FAQ,"14,500.00","14,700.00","14,600.00",Rs./Quintal,31-12-2023
Kerala,Wayanad,Pulpally APMC,Beverages,Coffee,Other,FAQ,"13,500.00","13,700.00","13,600.00",Rs./Quintal,30-12-2023
Kerala,Wayanad,Pulpally APMC,Beverages,Coffee,Other,FAQ,"13,800.00","14,000.00","13,900.00",Rs./Quintal,29-12-2023
Kerala,Wayanad,Pulpally APMC,Beverages,Coffee,Other,FAQ,"13,500.00","13,700.00","13,600.00",Rs./Quintal,28-12-2023
Kerala,Wayanad,Pulpally APMC,Beverages,Coffee,Other,FAQ,"13,600.00","13,800.00","13,700.00",Rs./Quintal,26-12-2023
Kerala,Wayanad,Pulpally APMC,Beverages,Coffee,Other,FAQ,"13,300.00","13,500.00","13,400.00",Rs./Quintal,24-12-2023
Kerala,Wayanad,Pulpally APMC,Beverages,Coffee,Other,FAQ,"13,600.00","13,800.00","13,700.00",Rs./Quintal,23-12-2023
Kerala,Wayanad,Pulpally APMC,Beverages,Coffee,Other,FAQ,"13,700.00","13,900.00","13,800.00",Rs./Quintal,22-12-2023
Kerala,Wayanad,Pulpally APMC,Beverages,Coffee,Other,FAQ,"13,800.00","14,000.00","13,900.00",Rs./Quintal,21-12-2023
Kerala,Wayanad,Pulpally APMC,Beverages,Coffee,Other,FAQ,"13,800.00","14,000.00","13,900.00",Rs./Quintal,20-12-2023
Kerala,Wayanad,Pulpally APMC,Beverages,Coffee,Other,FAQ,"13,600.00","13,800.00","13,700.00",Rs./Quintal,19-12-2023
Kerala,Wayanad,Pulpally APMC,Beverages,Coffee,Other,FAQ,"13,600.00","13,800.00","13,700.00",Rs./Quintal,18-12-2023
Kerala,Wayanad,Pulpally APMC,Beverages,Coffee,Other,FAQ,"13,700.00","13,900.00","13,800.00",Rs./Quintal,16-12-2023
Kerala,Wayanad,Pulpally APMC,Beverages,Coffee,Other,FAQ,"13,800.00","14,000.00","13,900.00",Rs./Quintal,15-12-2023
Kerala,Wayanad,Pulpally APMC,Beverages,Coffee,Other,FAQ,"13,600.00","13,800.00","13,700.00",Rs./Quintal,14-12-2023
Kerala,Wayanad,Pulpally APMC,Beverages,Coffee,Other,FAQ,"13,600.00","13,800.00","13,700.00",Rs./Quintal,13-12-2023
Kerala,Wayanad,Pulpally APMC,Beverages,Coffee,Other,FAQ,"13,600.00","14,000.00","13,900.00",Rs./Quintal,12-12-2023
Kerala,Wayanad,Pulpally APMC,Beverages,Coffee,Other,FAQ,"13,500.00","13,700.00","13,600.00",Rs./Quintal,11-12-2023
Kerala,Wayanad,Pulpally APMC,Beverages,Coffee,Other,FAQ,"13,600.00","13,800.00","13,700.00",Rs./Quintal,08-12-2023
Kerala,Wayanad,Pulpally APMC,Beverages,Coffee,Other,FAQ,"13,600.00","13,800.00","13,700.00",Rs./Quintal,07-12-2023
Kerala,Wayanad,Pulpally APMC,Beverages,Coffee,Other,FAQ,"13,600.00","13,800.00","13,700.00",Rs./Quintal,06-12-2023
Kerala,Wayanad,Pulpally APMC,Beverages,Coffee,Other,FAQ,"13,800.00","14,000.00","13,900.00",Rs./Quintal,05-12-2023
Kerala,Wayanad,Pulpally APMC,Beverages,Coffee,Other,FAQ,"13,300.00","13,500.00","13,400.00",Rs./Quintal,04-12-2023
Kerala,Wayanad,Pulpally APMC,Beverages,Coffee,Other,FAQ,"13,100.00","13,300.00","13,200.00",Rs./Quintal,02-12-2023
Kerala,Wayanad,Pulpally APMC,Beverages,Coffee,Other,FAQ,"13,100.00","13,300.00","13,200.00",Rs./Quintal,01-12-2023
Kerala,Wayanad,Pulpally APMC,Beverages,Coffee,Other,FAQ,"13,200.00","13,400.00","13,300.00",Rs./Quintal,30-11-2023
Kerala,Wayanad,Pulpally APMC,Beverages,Coffee,Other,FAQ,"13,100.00","13,300.00","13,200.00",Rs./Quintal,29-11-2023
Kerala,Wayanad,Pulpally APMC,Beverages,Coffee,Other,FAQ,"13,200.00","13,400.00","13,300.00",Rs./Quintal,28-11-2023
Kerala,Wayanad,Pulpally APMC,Beverages,Coffee,Other,FAQ,"13,100.00","13,300.00","13,200.00",Rs./Quintal,27-11-2023
Kerala,Wayanad,Pulpally APMC,Beverages,Coffee,Other,FAQ,"13,200.00","13,400.00","13,300.00",Rs./Quintal,25-11-2023
Kerala,Wayanad,Pulpally APMC,Beverages,Coffee,Other,FAQ,"13,100.00","13,300.00","13,200.00",Rs./Quintal,24-11-2023
Kerala,Wayanad,Pulpally APMC,Beverages,Coffee,Other,FAQ,"13,100.00","13,300.00","13,200.00",Rs./Quintal,23-11-2023
Kerala,Wayanad,Pulpally APMC,Beverages,Coffee,Other,FAQ,"13,200.00","13,400.00","13,300.00",Rs./Quintal,22-11-2023
Kerala,Wayanad,Pulpally APMC,Beverages,Coffee,Other,FAQ,"13,100.00","13,300.00","13,200.00",Rs./Quintal,21-11-2023
Kerala,Wayanad,Pulpally APMC,Beverages,Coffee,Other,FAQ,"13,100.00","13,300.00","13,200.00",Rs./Quintal,20-11-2023
Kerala,Wayanad,Pulpally APMC,Beverages,Coffee,Other,FAQ,"13,100.00","13,300.00","13,200.00",Rs./Quintal,18-11-2023
Kerala,Wayanad,Pulpally APMC,Beverages,Coffee,Other,FAQ,"13,100.00","13,300.00","13,200.00",Rs./Quintal,17-11-2023
Kerala,Wayanad,Pulpally APMC,Beverages,Coffee,Other,FAQ,"13,200.00","13,400.00","13,300.00",Rs./Quintal,16-11-2023
Kerala,Wayanad,Pulpally APMC,Beverages,Coffee,Other,FAQ,"13,100.00","13,300.00","13,200.00",Rs./Quintal,15-11-2023
Kerala,Wayanad,Pulpally APMC,Beverages,Coffee,Other,FAQ,"13,200.00","13,500.00","13,400.00",Rs./Quintal,14-11-2023
Kerala,Wayanad,Pulpally APMC,Beverages,Coffee,Other,FAQ,"13,200.00","13,400.00","13,300.00",Rs./Quintal,13-11-2023
Kerala,Wayanad,Pulpally APMC,Beverages,Coffee,Other,FAQ,"13,200.00","13,400.00","13,300.00",Rs./Quintal,10-11-2023
Kerala,Wayanad,Pulpally APMC,Beverages,Coffee,Other,FAQ,"13,200.00","13,400.00","13,300.00",Rs./Quintal,09-11-2023
Kerala,Wayanad,Pulpally APMC,Beverages,Coffee,Other,FAQ,"13,100.00","13,300.00","13,200.00",Rs./Quintal,08-11-2023
Kerala,Wayanad,Pulpally APMC,Beverages,Coffee,Other,FAQ,"13,100.00","13,300.00","13,200.00",Rs./Quintal,07-11-2023
Kerala,Wayanad,Pulpally APMC,Beverages,Coffee,Other,FAQ,"13,200.00","13,400.00","13,300.00",Rs./Quintal,06-11-2023
Kerala,Wayanad,Pulpally APMC,Beverages,Coffee,Other,FAQ,"13,100.00","13,300.00","13,200.00",Rs./Quintal,04-11-2023
Kerala,Wayanad,Pulpally APMC,Beverages,Coffee,Other,FAQ,"13,200.00","13,400.00","13,300.00",Rs./Quintal,03-11-2023
Kerala,Wayanad,Pulpally APMC,Beverages,Coffee,Other,FAQ,"13,100.00","13,300.00","13,200.00",Rs./Quintal,02-11-2023
Kerala,Wayanad,Pulpally APMC,Beverages,Coffee,Other,FAQ,"13,200.00","13,400.00","13,300.00",Rs./Quintal,01-11-2023
Kerala,Wayanad,Pulpally APMC,Beverages,Coffee,Other,FAQ,"13,200.00","13,400.00","13,300.00",Rs./Quintal,31-10-2023
Kerala,Wayanad,Pulpally APMC,Beverages,Coffee,Other,FAQ,"13,200.00","13,400.00","13,300.00",Rs./Quintal,30-10-2023
Kerala,Wayanad,Pulpally APMC,Beverages,Coffee,Other,FAQ,"13,100.00","13,300.00","13,200.00",Rs./Quintal,26-10-2023
Kerala,Wayanad,Pulpally APMC,Beverages,Coffee,Other,FAQ,"13,200.00","13,400.00","13,300.00",Rs./Quintal,25-10-2023
Kerala,Wayanad,Pulpally APMC,Beverages,Coffee,Other,FAQ,"13,200.00","13,400.00","13,300.00",Rs./Quintal,21-10-2023
Kerala,Wayanad,Pulpally APMC,Beverages,Coffee,Other,FAQ,"13,300.00","13,500.00","13,400.00",Rs./Quintal,20-10-2023
Kerala,Wayanad,Pulpally APMC,Beverages,Coffee,Other,FAQ,"13,100.00","13,300.00","13,200.00",Rs./Quintal,19-10-2023
Kerala,Wayanad,Pulpally APMC,Beverages,Coffee,Other,FAQ,"13,300.00","13,500.00","13,400.00",Rs./Quintal,18-10-2023
Kerala,Wayanad,Pulpally APMC,Beverages,Coffee,Other,FAQ,"13,300.00","13,500.00","13,400.00",Rs./Quintal,17-10-2023
Kerala,Wayanad,Pulpally APMC,Beverages,Coffee,Other,FAQ,"12,800.00","13,000.00","12,900.00",Rs./Quintal,16-10-2023
Kerala,Wayanad,Pulpally APMC,Beverages,Coffee,Other,FAQ,"13,600.00","13,800.00","13,700.00",Rs./Quintal,13-10-2023
Kerala,Wayanad,Pulpally APMC,Beverages,Coffee,Other,FAQ,"12,900.00","13,100.00","13,000.00",Rs./Quintal,10-10-2023
Kerala,Wayanad,Pulpally APMC,Beverages,Coffee,Other,FAQ,"12,800.00","13,000.00","12,900.00",Rs./Quintal,09-10-2023
Kerala,Wayanad,Pulpally APMC,Beverages,Coffee,Other,FAQ,"13,100.00","13,200.00","13,200.00",Rs./Quintal,07-10-2023
Kerala,Wayanad,Pulpally APMC,Beverages,Coffee,Other,FAQ,"13,100.00","13,300.00","13,200.00",Rs./Quintal,05-10-2023
Kerala,Wayanad,Pulpally APMC,Beverages,Coffee,Other,FAQ,"13,200.00","13,400.00","13,300.00",Rs./Quintal,04-10-2023
Kerala,Wayanad,Pulpally APMC,Beverages,Coffee,Other,FAQ,"13,200.00","13,400.00","13,300.00",Rs./Quintal,03-10-2023
Kerala,Wayanad,Pulpally APMC,Beverages,Coffee,Other,FAQ,"13,000.00","13,100.00","13,100.00",Rs./Quintal,29-09-2023
Kerala,Wayanad,Pulpally APMC,Beverages,Coffee,Other,FAQ,"13,200.00","13,400.00","13,300.00",Rs./Quintal,28-09-2023
Kerala,Wayanad,Pulpally APMC,Beverages,Coffee,Other,FAQ,"12,600.00","12,800.00","12,700.00",Rs./Quintal,27-09-2023
Kerala,Wayanad,Pulpally APMC,Beverages,Coffee,Other,FAQ,"13,100.00","13,300.00","13,200.00",Rs./Quintal,26-09-2023
Kerala,Wayanad,Pulpally APMC,Beverages,Coffee,Other,FAQ,"13,200.00","13,400.00","13,300.00",Rs./Quintal,25-09-2023
Kerala,Wayanad,Pulpally APMC,Beverages,Coffee,Other,FAQ,"13,100.00","13,300.00","13,200.00",Rs./Quintal,22-09-2023
Kerala,Wayanad,Pulpally APMC,Beverages,Coffee,Other,FAQ,"13,100.00","13,300.00","13,200.00",Rs./Quintal,21-09-2023
Kerala,Wayanad,Pulpally APMC,Beverages,Coffee,Other,FAQ,"13,200.00","13,400.00","13,300.00",Rs./Quintal,20-09-2023
Kerala,Wayanad,Pulpally APMC,Beverages,Coffee,Other,FAQ,"13,200.00","13,400.00","13,300.00",Rs./Quintal,19-09-2023
Kerala,Wayanad,Pulpally APMC,Beverages,Coffee,Other,FAQ,"13,200.00","13,400.00","13,300.00",Rs./Quintal,15-09-2023
Kerala,Wayanad,Pulpally APMC,Beverages,Coffee,Other,FAQ,"13,600.00","13,800.00","13,700.00",Rs./Quintal,14-09-2023
Kerala,Wayanad,Pulpally APMC,Beverages,Coffee,Other,FAQ,"12,800.00","13,000.00","12,900.00",Rs./Quintal,13-09-2023
Kerala,Wayanad,Pulpally APMC,Beverages,Coffee,Other,FAQ,"12,800.00","13,000.00","12,900.00",Rs./Quintal,12-09-2023
Kerala,Wayanad,Pulpally APMC,Beverages,Coffee,Other,FAQ,"12,600.00","12,800.00","12,700.00",Rs./Quintal,11-09-2023
Kerala,Wayanad,Pulpally APMC,Beverages,Coffee,Other,FAQ,"12,600.00","12,800.00","12,700.00",Rs./Quintal,08-09-2023
Kerala,Wayanad,Pulpally APMC,Beverages,Coffee,Other,FAQ,"12,500.00","12,700.00","12,600.00",Rs./Quintal,07-09-2023
Kerala,Wayanad,Pulpally APMC,Beverages,Coffee,Other,FAQ,"12,800.00","13,000.00","12,900.00",Rs./Quintal,05-09-2023
Kerala,Wayanad,Pulpally APMC,Beverages,Coffee,Other,FAQ,"12,900.00","13,100.00","13,000.00",Rs./Quintal,04-09-2023
Kerala,Wayanad,Pulpally APMC,Beverages,Coffee,Other,FAQ,"13,200.00","13,400.00","13,300.00",Rs./Quintal,02-09-2023
Kerala,Wayanad,Pulpally APMC,Beverages,Coffee,Other,FAQ,"13,600.00","13,800.00","13,700.00",Rs./Quintal,01-09-2023
Kerala,Wayanad,Pulpally APMC,Beverages,Coffee,Other,FAQ,"13,800.00","14,000.00","13,900.00",Rs./Quintal,26-08-2023
Kerala,Wayanad,Pulpally APMC,Beverages,Coffee,Other,FAQ,"13,700.00","13,900.00","13,800.00",Rs./Quintal,25-08-2023
Kerala,Wayanad,Pulpally APMC,Beverages,Coffee,Other,FAQ,"13,600.00","13,800.00","13,700.00",Rs./Quintal,24-08-2023
Kerala,Wayanad,Pulpally APMC,Beverages,Coffee,Other,FAQ,"13,600.00","13,800.00","13,700.00",Rs./Quintal,23-08-2023
Kerala,Wayanad,Pulpally APMC,Beverages,Coffee,Other,FAQ,"13,400.00","13,600.00","13,500.00",Rs./Quintal,21-08-2023
Kerala,Wayanad,Pulpally APMC,Beverages,Coffee,Other,FAQ,"13,100.00","13,300.00","13,200.00",Rs./Quintal,20-08-2023
Kerala,Wayanad,Pulpally APMC,Beverages,Coffee,Other,FAQ,"13,900.00","14,100.00","14,000.00",Rs./Quintal,18-08-2023
Kerala,Wayanad,Pulpally APMC,Beverages,Coffee,Other,FAQ,"14,000.00","14,200.00","14,100.00",Rs./Quintal,17-08-2023
Kerala,Wayanad,Pulpally APMC,Beverages,Coffee,Other,FAQ,"14,000.00","14,200.00","14,100.00",Rs./Quintal,16-08-2023
Kerala,Wayanad,Pulpally APMC,Beverages,Coffee,Other,FAQ,"13,600.00","13,800.00","13,700.00",Rs./Quintal,15-08-2023
Kerala,Wayanad,Pulpally APMC,Beverages,Coffee,Other,FAQ,"13,800.00","14,000.00","13,900.00",Rs./Quintal,14-08-2023
Kerala,Wayanad,Pulpally APMC,Beverages,Coffee,Other,FAQ,"13,700.00","13,900.00","13,800.00",Rs./Quintal,13-08-2023
Kerala,Wayanad,Pulpally APMC,Beverages,Coffee,Other,FAQ,"13,800.00","14,000.00","13,900.00",Rs./Quintal,08-08-2023
Kerala,Wayanad,Pulpally APMC,Beverages,Coffee,Other,FAQ,"14,000.00","14,200.00","14,100.00",Rs./Quintal,05-08-2023
Kerala,Wayanad,Pulpally APMC,Beverages,Coffee,Other,FAQ,"14,000.00","14,200.00","14,100.00",Rs./Quintal,03-08-2023
Kerala,Wayanad,Pulpally APMC,Beverages,Coffee,Other,FAQ,"14,000.00","14,200.00","14,100.00",Rs./Quintal,31-07-2023
Kerala,Wayanad,Pulpally APMC,Beverages,Coffee,Other,FAQ,"14,000.00","14,200.00","14,100.00",Rs./Quintal,29-07-2023
Kerala,Wayanad,Pulpally APMC,Beverages,Coffee,Other,FAQ,"13,200.00","13,400.00","13,300.00",Rs./Quintal,27-07-2023
Kerala,Wayanad,Pulpally APMC,Beverages,Coffee,Other,FAQ,"13,600.00","13,800.00","13,700.00",Rs./Quintal,26-07-2023
Kerala,Wayanad,Pulpally APMC,Beverages,Coffee,Other,FAQ,"13,400.00","13,600.00","13,500.00",Rs./Quintal,25-07-2023
Kerala,Wayanad,Pulpally APMC,Beverages,Coffee,Other,FAQ,"13,500.00","13,700.00","13,600.00",Rs./Quintal,24-07-2023
Kerala,Wayanad,Pulpally APMC,Beverages,Coffee,Other,FAQ,"13,200.00","13,400.00","13,300.00",Rs./Quintal,22-07-2023
Kerala,Wayanad,Pulpally APMC,Beverages,Coffee,Other,FAQ,"12,500.00","12,700.00","12,600.00",Rs./Quintal,21-07-2023
Kerala,Wayanad,Pulpally APMC,Beverages,Coffee,Other,FAQ,"12,900.00","13,100.00","13,000.00",Rs./Quintal,20-07-2023
Kerala,Wayanad,Pulpally APMC,Beverages,Coffee,Other,FAQ,"14,200.00","14,400.00","14,300.00",Rs./Quintal,18-07-2023
Kerala,Wayanad,Pulpally APMC,Beverages,Coffee,Other,FAQ,"13,400.00","13,600.00","13,500.00",Rs./Quintal,17-07-2023
Kerala,Wayanad,Pulpally APMC,Beverages,Coffee,Other,FAQ,"13,600.00","13,800.00","13,700.00",Rs./Quintal,15-07-2023
Kerala,Wayanad,Pulpally APMC,Beverages,Coffee,Other,FAQ,"13,600.00","13,800.00","13,700.00",Rs./Quintal,14-07-2023
Kerala,Wayanad,Pulpally APMC,Beverages,Coffee,Other,FAQ,"13,600.00","13,700.00","13,700.00",Rs./Quintal,13-07-2023
Kerala,Wayanad,Pulpally APMC,Beverages,Coffee,Other,FAQ,"13,800.00","14,000.00","13,900.00",Rs./Quintal,12-07-2023
Kerala,Wayanad,Pulpally APMC,Beverages,Coffee,Other,FAQ,"13,600.00","13,800.00","13,700.00",Rs./Quintal,11-07-2023
Kerala,Wayanad,Pulpally APMC,Beverages,Coffee,Other,FAQ,"13,500.00","13,700.00","13,600.00",Rs./Quintal,10-07-2023
Kerala,Wayanad,Pulpally APMC,Beverages,Coffee,Other,FAQ,"13,800.00","14,000.00","13,900.00",Rs./Quintal,07-07-2023
Kerala,Wayanad,Pulpally APMC,Beverages,Coffee,Other,FAQ,"13,600.00","13,800.00","13,700.00",Rs./Quintal,06-07-2023
Kerala,Wayanad,Pulpally APMC,Beverages,Coffee,Other,FAQ,"13,800.00","14,000.00","13,900.00",Rs./Quintal,05-07-2023
Kerala,Wayanad,Pulpally APMC,Beverages,Coffee,Other,FAQ,"13,700.00","13,900.00","13,800.00",Rs./Quintal,04-07-2023
Kerala,Wayanad,Pulpally APMC,Beverages,Coffee,Other,FAQ,"13,200.00","13,400.00","13,300.00",Rs./Quintal,03-07-2023
Kerala,Wayanad,Pulpally APMC,Beverages,Coffee,Other,FAQ,"13,600.00","13,800.00","13,700.00",Rs./Quintal,01-07-2023
Kerala,Wayanad,Pulpally APMC,Beverages,Coffee,Other,FAQ,"13,600.00","13,800.00","13,700.00",Rs./Quintal,30-06-2023
Kerala,Wayanad,Pulpally APMC,Beverages,Coffee,Other,FAQ,"13,800.00","14,000.00","13,900.00",Rs./Quintal,29-06-2023
Kerala,Wayanad,Pulpally APMC,Beverages,Coffee,Other,FAQ,"13,700.00","13,900.00","13,800.00",Rs./Quintal,28-06-2023
Kerala,Wayanad,Pulpally APMC,Beverages,Coffee,Other,FAQ,"13,600.00","13,800.00","13,700.00",Rs./Quintal,27-06-2023
Kerala,Wayanad,Pulpally APMC,Beverages,Coffee,Other,FAQ,"13,600.00","13,800.00","13,700.00",Rs./Quintal,26-06-2023
Kerala,Wayanad,Pulpally APMC,Beverages,Coffee,Other,FAQ,"13,100.00","13,300.00","13,200.00",Rs./Quintal,24-06-2023
Kerala,Wayanad,Pulpally APMC,Beverages,Coffee,Other,FAQ,"13,000.00","13,200.00","13,100.00",Rs./Quintal,23-06-2023
Kerala,Wayanad,Pulpally APMC,Beverages,Coffee,Other,FAQ,"13,600.00","13,800.00","13,700.00",Rs./Quintal,22-06-2023
Kerala,Wayanad,Pulpally APMC,Beverages,Coffee,Other,FAQ,"13,200.00","13,400.00","13,300.00",Rs./Quintal,21-06-2023
Kerala,Wayanad,Pulpally APMC,Beverages,Coffee,Other,FAQ,"12,800.00","13,000.00","12,900.00",Rs./Quintal,20-06-2023
Kerala,Wayanad,Pulpally APMC,Beverages,Coffee,Other,FAQ,"12,800.00","13,000.00","12,900.00",Rs./Quintal,19-06-2023
Kerala,Wayanad,Pulpally APMC,Beverages,Coffee,Other,FAQ,"13,100.00","13,300.00","13,200.00",Rs./Quintal,17-06-2023
Kerala,Wayanad,Pulpally APMC,Beverages,Coffee,Other,FAQ,"13,100.00","13,300.00","13,200.00",Rs./Quintal,16-06-2023
Kerala,Wayanad,Pulpally APMC,Beverages,Coffee,Other,FAQ,"13,000.00","13,200.00","13,100.00",Rs./Quintal,15-06-2023
Kerala,Wayanad,Pulpally APMC,Beverages,Coffee,Other,FAQ,"13,200.00","13,400.00","13,300.00",Rs./Quintal,14-06-2023
Kerala,Wayanad,Pulpally APMC,Beverages,Coffee,Other,FAQ,"12,900.00","13,100.00","13,000.00",Rs./Quintal,13-06-2023
Kerala,Wayanad,Pulpally APMC,Beverages,Coffee,Other,FAQ,"12,800.00","13,000.00","12,900.00",Rs./Quintal,12-06-2023
Kerala,Wayanad,Pulpally APMC,Beverages,Coffee,Other,FAQ,"13,000.00","13,200.00","13,100.00",Rs./Quintal,09-06-2023
Kerala,Wayanad,Pulpally APMC,Beverages,Coffee,Other,FAQ,"13,100.00","13,300.00","13,200.00",Rs./Quintal,08-06-2023
Kerala,Wayanad,Pulpally APMC,Beverages,Coffee,Other,FAQ,"13,100.00","13,300.00","13,200.00",Rs./Quintal,07-06-2023
Kerala,Wayanad,Pulpally APMC,Beverages,Coffee,Other,FAQ,"12,800.00","13,000.00","12,900.00",Rs./Quintal,06-06-2023
Kerala,Wayanad,Pulpally APMC,Beverages,Coffee,Other,FAQ,"12,800.00","13,000.00","12,900.00",Rs./Quintal,05-06-2023
Kerala,Wayanad,Pulpally APMC,Beverages,Coffee,Other,FAQ,"13,000.00","13,200.00","13,100.00",Rs./Quintal,03-06-2023
Kerala,Wayanad,Pulpally APMC,Beverages,Coffee,Other,FAQ,"13,200.00","13,400.00","13,300.00",Rs./Quintal,02-06-2023
Kerala,Wayanad,Pulpally APMC,Beverages,Coffee,Other,FAQ,"13,200.00","13,400.00","13,300.00",Rs./Quintal,01-06-2023
Kerala,Wayanad,Pulpally APMC,Beverages,Coffee,Other,FAQ,"13,200.00","13,400.00","13,300.00",Rs./Quintal,31-05-2023
Kerala,Wayanad,Pulpally APMC,Beverages,Coffee,Other,FAQ,"12,800.00","13,000.00","12,900.00",Rs./Quintal,30-05-2023
Kerala,Wayanad,Pulpally APMC,Beverages,Coffee,Other,FAQ,"13,000.00","13,200.00","13,100.00",Rs./Quintal,29-05-2023
Kerala,Wayanad,Pulpally APMC,Beverages,Coffee,Other,FAQ,"12,500.00","12,700.00","12,600.00",Rs./Quintal,27-05-2023
Kerala,Wayanad,Pulpally APMC,Beverages,Coffee,Other,FAQ,"12,800.00","13,000.00","12,900.00",Rs./Quintal,26-05-2023
Kerala,Wayanad,Pulpally APMC,Beverages,Coffee,Other,FAQ,"13,000.00","13,200.00","13,100.00",Rs./Quintal,25-05-2023
Kerala,Wayanad,Pulpally APMC,Beverages,Coffee,Other,FAQ,"12,500.00","12,700.00","12,600.00",Rs./Quintal,24-05-2023
Kerala,Wayanad,Pulpally APMC,Beverages,Coffee,Other,FAQ,"12,500.00","12,700.00","12,600.00",Rs./Quintal,23-05-2023
Kerala,Wayanad,Pulpally APMC,Beverages,Coffee,Other,FAQ,"12,200.00","12,400.00","12,300.00",Rs./Quintal,22-05-2023
Kerala,Wayanad,Pulpally APMC,Beverages,Coffee,Other,FAQ,"12,500.00","12,700.00","12,600.00",Rs./Quintal,20-05-2023
Kerala,Wayanad,Pulpally APMC,Beverages,Coffee,Other,FAQ,"12,500.00","12,700.00","12,600.00",Rs./Quintal,19-05-2023
Kerala,Wayanad,Pulpally APMC,Beverages,Coffee,Other,FAQ,"11,400.00","11,600.00","11,500.00",Rs./Quintal,18-05-2023
Kerala,Wayanad,Pulpally APMC,Beverages,Coffee,Other,FAQ,"11,500.00","11,700.00","11,600.00",Rs./Quintal,17-05-2023
Kerala,Wayanad,Pulpally APMC,Beverages,Coffee,Other,FAQ,"11,500.00","11,700.00","11,600.00",Rs./Quintal,16-05-2023
Kerala,Wayanad,Pulpally APMC,Beverages,Coffee,Other,FAQ,"11,500.00","11,700.00","11,600.00",Rs./Quintal,15-05-2023
Kerala,Wayanad,Pulpally APMC,Beverages,Coffee,Other,FAQ,"11,500.00","11,700.00","11,600.00",Rs./Quintal,12-05-2023
Kerala,Wayanad,Pulpally APMC,Beverages,Coffee,Other,FAQ,"11,400.00","11,600.00","11,500.00",Rs./Quintal,11-05-2023
Kerala,Wayanad,Pulpally APMC,Beverages,Coffee,Other,FAQ,"11,600.00","11,800.00","11,700.00",Rs./Quintal,10-05-2023
Kerala,Wayanad,Pulpally APMC,Beverages,Coffee,Other,FAQ,"11,400.00","11,600.00","11,500.00",Rs./Quintal,09-05-2023
Kerala,Wayanad,Pulpally APMC,Beverages,Coffee,Other,FAQ,"11,500.00","11,700.00","11,600.00",Rs./Quintal,08-05-2023
Kerala,Wayanad,Pulpally APMC,Beverages,Coffee,Other,FAQ,"11,400.00","11,600.00","11,500.00",Rs./Quintal,05-05-2023
Kerala,Wayanad,Pulpally APMC,Beverages,Coffee,Other,FAQ,"11,400.00","11,600.00","11,500.00",Rs./Quintal,04-05-2023
Kerala,Wayanad,Pulpally APMC,Beverages,Coffee,Other,FAQ,"11,600.00","11,800.00","11,700.00",Rs./Quintal,03-05-2023
Kerala,Wayanad,Pulpally APMC,Beverages,Coffee,Other,FAQ,"11,500.00","11,700.00","11,600.00",Rs./Quintal,02-05-2023
Kerala,Wayanad,Pulpally APMC,Beverages,Coffee,Other,FAQ,"11,400.00","11,600.00","11,500.00",Rs./Quintal,01-05-2023
Kerala,Wayanad,Pulpally APMC,Beverages,Coffee,Other,FAQ,"12,000.00","12,200.00","12,100.00",Rs./Quintal,29-04-2023
Kerala,Wayanad,Pulpally APMC,Beverages,Coffee,Other,FAQ,"11,600.00","11,800.00","11,700.00",Rs./Quintal,28-04-2023
Kerala,Wayanad,Pulpally APMC,Beverages,Coffee,Other,FAQ,"11,700.00","11,900.00","11,800.00",Rs./Quintal,27-04-2023
Kerala,Wayanad,Pulpally APMC,Beverages,Coffee,Other,FAQ,"12,000.00","12,200.00","12,100.00",Rs./Quintal,26-04-2023
Kerala,Wayanad,Pulpally APMC,Beverages,Coffee,Other,FAQ,"12,100.00","12,300.00","12,200.00",Rs./Quintal,25-04-2023
Kerala,Wayanad,Pulpally APMC,Beverages,Coffee,Other,FAQ,"12,500.00","12,700.00","12,600.00",Rs./Quintal,24-04-2023
Kerala,Wayanad,Pulpally APMC,Beverages,Coffee,Other,FAQ,"12,400.00","12,600.00","12,500.00",Rs./Quintal,22-04-2023
Kerala,Wayanad,Pulpally APMC,Beverages,Coffee,Other,FAQ,"12,500.00","12,700.00","12,600.00",Rs./Quintal,21-04-2023
Kerala,Wayanad,Pulpally APMC,Beverages,Coffee,Other,FAQ,"12,500.00","12,700.00","12,600.00",Rs./Quintal,19-04-2023
Kerala,Wayanad,Pulpally APMC,Beverages,Coffee,Other,FAQ,"10,500.00","10,700.00","10,600.00",Rs./Quintal,18-04-2023
Kerala,Wayanad,Pulpally APMC,Beverages,Coffee,Other,FAQ,"11,500.00","11,700.00","11,600.00",Rs./Quintal,17-04-2023
Kerala,Wayanad,Pulpally APMC,Beverages,Coffee,Other,FAQ,"10,500.00","10,700.00","10,600.00",Rs./Quintal,13-04-2023
Kerala,Wayanad,Pulpally APMC,Beverages,Coffee,Other,FAQ,"11,200.00","11,400.00","11,300.00",Rs./Quintal,12-04-2023
Kerala,Wayanad,Pulpally APMC,Beverages,Coffee,Other,FAQ,"11,500.00","11,700.00","11,600.00",Rs./Quintal,11-04-2023
Kerala,Wayanad,Pulpally APMC,Beverages,Coffee,Other,FAQ,"11,200.00","14,000.00","11,300.00",Rs./Quintal,10-04-2023
Kerala,Wayanad,Pulpally APMC,Beverages,Coffee,Other,FAQ,"11,500.00","11,700.00","11,600.00",Rs./Quintal,08-04-2023
Kerala,Wayanad,Pulpally APMC,Beverages,Coffee,Other,FAQ,"11,200.00","11,400.00","11,300.00",Rs./Quintal,05-04-2023
Kerala,Wayanad,Pulpally APMC,Beverages,Coffee,Other,FAQ,"11,400.00","11,600.00","11,500.00",Rs./Quintal,04-04-2023
Kerala,Wayanad,Pulpally APMC,Beverages,Coffee,Other,FAQ,"11,500.00","11,700.00","11,600.00",Rs./Quintal,02-04-2023
Kerala,Wayanad,Pulpally APMC,Beverages,Coffee,Other,FAQ,"11,200.00","11,400.00","11,300.00",Rs./Quintal,01-04-2023
Kerala,Wayanad,Pulpally APMC,Beverages,Coffee,Other,FAQ,"11,600.00","11,800.00","11,700.00",Rs./Quintal,31-03-2023
Kerala,Wayanad,Pulpally APMC,Beverages,Coffee,Other,FAQ,"10,800.00","11,000.00","10,900.00",Rs./Quintal,30-03-2023
Kerala,Wayanad,Pulpally APMC,Beverages,Coffee,Other,FAQ,"11,400.00","11,600.00","11,500.00",Rs./Quintal,29-03-2023
Kerala,Wayanad,Pulpally APMC,Beverages,Coffee,Other,FAQ,"11,600.00","11,800.00","11,700.00",Rs./Quintal,28-03-2023
Kerala,Wayanad,Pulpally APMC,Beverages,Coffee,Other,FAQ,"11,600.00","11,800.00","11,700.00",Rs./Quintal,27-03-2023
Kerala,Wayanad,Pulpally APMC,Beverages,Coffee,Other,FAQ,"10,800.00","11,000.00","10,900.00",Rs./Quintal,25-03-2023
Kerala,Wayanad,Pulpally APMC,Beverages,Coffee,Other,FAQ,"10,600.00","10,800.00","10,700.00",Rs./Quintal,24-03-2023
Kerala,Wayanad,Pulpally APMC,Beverages,Coffee,Other,FAQ,"10,800.00","11,000.00","10,900.00",Rs./Quintal,23-03-2023
Kerala,Wayanad,Pulpally APMC,Beverages,Coffee,Other,FAQ,"10,600.00","10,800.00","10,700.00",Rs./Quintal,22-03-2023
Kerala,Wayanad,Pulpally APMC,Beverages,Coffee,Other,FAQ,"10,600.00","10,800.00","10,700.00",Rs./Quintal,21-03-2023
Kerala,Wayanad,Pulpally APMC,Beverages,Coffee,Other,FAQ,"10,500.00","10,700.00","10,600.00",Rs./Quintal,20-03-2023
Kerala,Wayanad,Pulpally APMC,Beverages,Coffee,Other,FAQ,"10,600.00","10,800.00","10,700.00",Rs./Quintal,18-03-2023
Kerala,Wayanad,Pulpally APMC,Beverages,Coffee,Other,FAQ,"11,600.00","11,800.00","11,700.00",Rs./Quintal,17-03-2023
Kerala,Wayanad,Pulpally APMC,Beverages,Coffee,Other,FAQ,"11,600.00","11,800.00","11,700.00",Rs./Quintal,15-03-2023
Kerala,Wayanad,Pulpally APMC,Beverages,Coffee,Other,FAQ,"11,500.00","11,700.00","11,600.00",Rs./Quintal,13-03-2023
Kerala,Wayanad,Pulpally APMC,Beverages,Coffee,Other,FAQ,"11,500.00","11,700.00","11,600.00",Rs./Quintal,11-03-2023
Kerala,Wayanad,Pulpally APMC,Beverages,Coffee,Other,FAQ,"11,600.00","11,800.00","11,700.00",Rs./Quintal,10-03-2023
Kerala,Wayanad,Pulpally APMC,Beverages,Coffee,Other,FAQ,"11,600.00","11,800.00","11,700.00",Rs./Quintal,09-03-2023
Kerala,Wayanad,Pulpally APMC,Beverages,Coffee,Other,FAQ,"11,800.00","12,000.00","11,900.00",Rs./Quintal,08-03-2023
Kerala,Wayanad,Pulpally APMC,Beverages,Coffee,Other,FAQ,"11,600.00","11,800.00","11,700.00",Rs./Quintal,07-03-2023
Kerala,Wayanad,Pulpally APMC,Beverages,Coffee,Other,FAQ,"11,800.00","12,000.00","11,900.00",Rs./Quintal,04-03-2023
Kerala,Wayanad,Pulpally APMC,Beverages,Coffee,Other,FAQ,"11,600.00","11,800.00","11,700.00",Rs./Quintal,03-03-2023
Kerala,Wayanad,Pulpally APMC,Beverages,Coffee,Other,FAQ,"11,600.00","12,000.00","11,800.00",Rs./Quintal,02-03-2023
Kerala,Wayanad,Pulpally APMC,Beverages,Coffee,Other,FAQ,"11,500.00","11,700.00","11,600.00",Rs./Quintal,01-03-2023
Kerala,Wayanad,Pulpally APMC,Beverages,Coffee,Other,FAQ,"11,600.00","11,800.00","11,700.00",Rs./Quintal,28-02-2023
Kerala,Wayanad,Pulpally APMC,Beverages,Coffee,Other,FAQ,"11,500.00","13,500.00","12,500.00",Rs./Quintal,25-02-2023
Kerala,Wayanad,Pulpally APMC,Beverages,Coffee,Other,FAQ,"11,000.00","11,300.00","11,200.00",Rs./Quintal,24-02-2023
Kerala,Wayanad,Pulpally APMC,Beverages,Coffee,Other,FAQ,"11,000.00","11,200.00","11,100.00",Rs./Quintal,22-02-2023
Kerala,Wayanad,Pulpally APMC,Beverages,Coffee,Other,FAQ,"11,000.00","11,200.00","11,100.00",Rs./Quintal,21-02-2023
Kerala,Wayanad,Pulpally APMC,Beverages,Coffee,Other,FAQ,"11,000.00","11,200.00","11,100.00",Rs./Quintal,20-02-2023
Kerala,Wayanad,Pulpally APMC,Beverages,Coffee,Other,FAQ,"10,800.00","11,000.00","10,900.00",Rs./Quintal,19-02-2023
Kerala,Wayanad,Pulpally APMC,Beverages,Coffee,Other,FAQ,"10,300.00","10,500.00","10,400.00",Rs./Quintal,17-02-2023
Kerala,Wayanad,Pulpally APMC,Beverages,Coffee,Other,FAQ,"10,200.00","10,400.00","10,300.00",Rs./Quintal,16-02-2023
Kerala,Wayanad,Pulpally APMC,Beverages,Coffee,Other,FAQ,"10,400.00","10,600.00","10,500.00",Rs./Quintal,14-02-2023
Kerala,Wayanad,Pulpally APMC,Beverages,Coffee,Other,FAQ,"10,100.00","10,300.00","10,200.00",Rs./Quintal,10-02-2023
Kerala,Wayanad,Pulpally APMC,Beverages,Coffee,Other,FAQ,"10,100.00","10,300.00","10,200.00",Rs./Quintal,09-02-2023
Kerala,Wayanad,Pulpally APMC,Beverages,Coffee,Other,FAQ,"10,100.00","10,300.00","10,200.00",Rs./Quintal,08-02-2023
Kerala,Wayanad,Pulpally APMC,Beverages,Coffee,Other,FAQ,"9,900.00","10,100.00","10,000.00",Rs./Quintal,07-02-2023
Kerala,Wayanad,Pulpally APMC,Beverages,Coffee,Other,FAQ,"9,600.00","9,800.00","9,700.00",Rs./Quintal,06-02-2023
Kerala,Wayanad,Pulpally APMC,Beverages,Coffee,Other,FAQ,"9,400.00","9,600.00","9,500.00",Rs./Quintal,04-02-2023
Kerala,Wayanad,Pulpally APMC,Beverages,Coffee,Other,FAQ,"9,600.00","9,800.00","9,700.00",Rs./Quintal,03-02-2023
Kerala,Wayanad,Pulpally APMC,Beverages,Coffee,Other,FAQ,"9,600.00","9,800.00","9,700.00",Rs./Quintal,02-02-2023
Kerala,Wayanad,Pulpally APMC,Beverages,Coffee,Other,FAQ,"9,500.00","9,700.00","9,600.00",Rs./Quintal,01-02-2023
Kerala,Wayanad,Pulpally APMC,Beverages,Coffee,Other,FAQ,"9,600.00","9,700.00","9,700.00",Rs./Quintal,31-01-2023
Kerala,Wayanad,Pulpally APMC,Beverages,Coffee,Other,FAQ,"9,800.00","10,000.00","9,900.00",Rs./Quintal,30-01-2023
Kerala,Wayanad,Pulpally APMC,Beverages,Coffee,Other,FAQ,"9,500.00","9,700.00","9,600.00",Rs./Quintal,28-01-2023
Kerala,Wayanad,Pulpally APMC,Beverages,Coffee,Other,FAQ,"9,400.00","9,600.00","9,500.00",Rs./Quintal,25-01-2023
Kerala,Wayanad,Pulpally APMC,Beverages,Coffee,Other,FAQ,"9,300.00","9,500.00","9,400.00",Rs./Quintal,24-01-2023
Kerala,Wayanad,Pulpally APMC,Beverages,Coffee,Other,FAQ,"9,400.00","9,600.00","9,500.00",Rs./Quintal,23-01-2023
Kerala,Wayanad,Pulpally APMC,Beverages,Coffee,Other,FAQ,"9,500.00","9,700.00","9,600.00",Rs./Quintal,21-01-2023
Kerala,Wayanad,Pulpally APMC,Beverages,Coffee,Other,FAQ,"9,400.00","9,600.00","9,500.00",Rs./Quintal,20-01-2023
Kerala,Wayanad,Pulpally APMC,Beverages,Coffee,Other,FAQ,"9,400.00","9,600.00","9,500.00",Rs./Quintal,19-01-2023
Kerala,Wayanad,Pulpally APMC,Beverages,Coffee,Other,FAQ,"9,500.00","9,700.00","9,600.00",Rs./Quintal,18-01-2023
Kerala,Wayanad,Pulpally APMC,Beverages,Coffee,Other,FAQ,"9,400.00","9,600.00","9,500.00",Rs./Quintal,17-01-2023
Kerala,Wayanad,Pulpally APMC,Beverages,Coffee,Other,FAQ,"9,400.00","9,600.00","9,500.00",Rs./Quintal,16-01-2023
Kerala,Wayanad,Pulpally APMC,Beverages,Coffee,Other,FAQ,"9,400.00","9,600.00","9,500.00",Rs./Quintal,14-01-2023
Kerala,Wayanad,Pulpally APMC,Beverages,Coffee,Other,FAQ,"9,500.00","9,700.00","9,600.00",Rs./Quintal,12-01-2023
Kerala,Wayanad,Pulpally APMC,Beverages,Coffee,Other,FAQ,"9,300.00","9,500.00","9,400.00",Rs./Quintal,11-01-2023
Kerala,Wayanad,Pulpally APMC,Beverages,Coffee,Other,FAQ,"9,200.00","9,400.00","9,300.00",Rs./Quintal,10-01-2023
Kerala,Wayanad,Pulpally APMC,Beverages,Coffee,Other,FAQ,"9,100.00","9,300.00","9,200.00",Rs./Quintal,07-01-2023
Kerala,Wayanad,Pulpally APMC,Beverages,Coffee,Other,FAQ,"9,200.00","9,400.00","9,300.00",Rs./Quintal,06-01-2023
Kerala,Wayanad,Pulpally APMC,Beverages,Coffee,Other,FAQ,"9,600.00","9,800.00","9,700.00",Rs./Quintal,05-01-2023
Kerala,Wayanad,Pulpally APMC,Beverages,Coffee,Other,FAQ,"9,700.00","9,800.00","9,750.00",Rs./Quintal,04-01-2023
Kerala,Wayanad,Pulpally APMC,Beverages,Coffee,Other,FAQ,"9,500.00","9,700.00","9,600.00",Rs./Quintal,03-01-2023
Kerala,Wayanad,Pulpally APMC,Beverages,Coffee,Other,FAQ,"9,400.00","9,600.00","9,500.00",Rs./Quintal,02-01-2023
Kerala,Wayanad,Sultan bathery APMC,Beverages,Coffee,Other,FAQ,"13,300.00","13,400.00","13,400.00",Rs./Quintal,02-11-2023
Kerala,Wayanad,Sultan bathery APMC,Beverages,Coffee,Other,FAQ,"13,300.00","13,500.00","13,400.00",Rs./Quintal,21-07-2023
Kerala,Wayanad,Sultan bathery APMC,Beverages,Coffee,Other,FAQ,"13,200.00","13,300.00","13,300.00",Rs./Quintal,20-07-2023
Kerala,Wayanad,Sultan bathery APMC,Beverages,Coffee,Other,FAQ,"13,200.00","13,400.00","13,300.00",Rs./Quintal,19-07-2023
Kerala,Wayanad,Sultan bathery APMC,Beverages,Coffee,Other,FAQ,"12,900.00","13,000.00","13,000.00",Rs./Quintal,12-07-2023
Kerala,Wayanad,Sultan bathery APMC,Beverages,Coffee,Other,FAQ,"13,700.00","14,000.00","13,900.00",Rs./Quintal,11-07-2023
Kerala,Wayanad,Sultan bathery APMC,Beverages,Coffee,Other,FAQ,"12,900.00","13,000.00","13,000.00",Rs./Quintal,07-07-2023
Kerala,Wayanad,Sultan bathery APMC,Beverages,Coffee,Other,FAQ,"12,800.00","13,000.00","12,900.00",Rs./Quintal,06-07-2023
Kerala,Wayanad,Sultan bathery APMC,Beverages,Coffee,Other,FAQ,"12,800.00","13,000.00","12,900.00",Rs./Quintal,05-07-2023
Kerala,Wayanad,Sultan bathery APMC,Beverages,Coffee,Other,FAQ,"12,900.00","13,000.00","13,000.00",Rs./Quintal,04-07-2023
Kerala,Wayanad,Sultan bathery APMC,Beverages,Coffee,Other,FAQ,"14,300.00","14,500.00","14,400.00",Rs./Quintal,01-07-2023
Kerala,Wayanad,Sultan bathery APMC,Beverages,Coffee,Other,FAQ,"14,100.00","14,300.00","14,200.00",Rs./Quintal,26-06-2023
Kerala,Wayanad,Sultan bathery APMC,Beverages,Coffee,Other,FAQ,"14,300.00","14,500.00","14,400.00",Rs./Quintal,24-06-2023
Kerala,Wayanad,Sultan bathery APMC,Beverages,Coffee,Other,FAQ,"14,000.00","14,200.00","14,100.00",Rs./Quintal,22-06-2023
Kerala,Wayanad,Sultan bathery APMC,Beverages,Coffee,Other,FAQ,"14,100.00","14,200.00","14,200.00",Rs./Quintal,21-06-2023
Kerala,Wayanad,Sultan bathery APMC,Beverages,Coffee,Other,FAQ,"14,100.00","14,200.00","14,200.00",Rs./Quintal,20-06-2023
Kerala,Wayanad,Sultan bathery APMC,Beverages,Coffee,Other,FAQ,"14,100.00","14,200.00","14,200.00",Rs./Quintal,19-06-2023
Kerala,Wayanad,Sultan bathery APMC,Beverages,Coffee,Other,FAQ,"13,700.00","13,800.00","13,800.00",Rs./Quintal,16-06-2023
Kerala,Wayanad,Sultan bathery APMC,Beverages,Coffee,Other,FAQ,"23,000.00","23,200.00","23,100.00",Rs./Quintal,15-06-2023
Kerala,Wayanad,Sultan bathery APMC,Beverages,Coffee,Other,FAQ,"23,000.00","23,200.00","23,100.00",Rs./Quintal,14-06-2023
Kerala,Wayanad,Sultan bathery APMC,Beverages,Coffee,Other,FAQ,"23,800.00","24,000.00","23,900.00",Rs./Quintal,13-06-2023
Kerala,Wayanad,Sultan bathery APMC,Beverages,Coffee,Other,FAQ,"22,800.00","23,000.00","22,900.00",Rs./Quintal,12-06-2023
Kerala,Wayanad,Sultan bathery APMC,Beverages,Coffee,Other,FAQ,"22,900.00","23,000.00","23,000.00",Rs./Quintal,10-06-2023
Kerala,Wayanad,Sultan bathery APMC,Beverages,Coffee,Other,FAQ,"22,900.00","23,100.00","23,000.00",Rs./Quintal,09-06-2023
Kerala,Wayanad,Sultan bathery APMC,Beverages,Coffee,Other,FAQ,"23,000.00","23,100.00","23,100.00",Rs./Quintal,08-06-2023
Kerala,Wayanad,Sultan bathery APMC,Beverages,Coffee,Other,FAQ,"23,000.00","23,100.00","23,100.00",Rs./Quintal,07-06-2023
Kerala,Wayanad,Sultan bathery APMC,Beverages,Coffee,Other,FAQ,"22,900.00","23,000.00","23,000.00",Rs./Quintal,06-06-2023
Kerala,Wayanad,Sultan bathery APMC,Beverages,Coffee,Other,FAQ,"23,000.00","23,100.00","23,100.00",Rs./Quintal,05-06-2023
Kerala,Wayanad,Sultan bathery APMC,Beverages,Coffee,Other,FAQ,"22,800.00","23,000.00","22,900.00",Rs./Quintal,03-06-2023
Kerala,Wayanad,Sultan bathery APMC,Beverages,Coffee,Other,FAQ,"23,000.00","23,200.00","23,100.00",Rs./Quintal,02-06-2023
Kerala,Wayanad,Sultan bathery APMC,Beverages,Coffee,Other,FAQ,"22,800.00","23,000.00","22,900.00",Rs./Quintal,01-06-2023
Kerala,Wayanad,Sultan bathery APMC,Beverages,Coffee,Other,FAQ,"22,900.00","23,000.00","22,900.00",Rs./Quintal,31-05-2023
Kerala,Wayanad,Sultan bathery APMC,Beverages,Coffee,Other,FAQ,"22,400.00","22,600.00","22,500.00",Rs./Quintal,29-05-2023
Kerala,Wayanad,Sultan bathery APMC,Beverages,Coffee,Other,FAQ,"12,200.00","12,300.00","12,300.00",Rs./Quintal,19-04-2023
Kerala,Wayanad,Sultan bathery APMC,Beverages,Coffee,Other,FAQ,"18,000.00","20,000.00","19,000.00",Rs./Quintal,12-04-2023
Kerala,Wayanad,Sultan bathery APMC,Beverages,Coffee,Other,FAQ,"10,500.00","10,600.00","10,600.00",Rs./Quintal,28-03-2023
Kerala,Wayanad,Sultan bathery APMC,Beverages,Coffee,Other,FAQ,"10,300.00","10,500.00","10,400.00",Rs./Quintal,24-03-2023
Kerala,Wayanad,Sultan bathery APMC,Beverages,Coffee,Other,FAQ,"10,400.00","10,600.00","10,500.00",Rs./Quintal,23-03-2023
Kerala,Wayanad,Sultan bathery APMC,Beverages,Coffee,Other,FAQ,"10,600.00","10,700.00","10,700.00",Rs./Quintal,22-03-2023
Kerala,Wayanad,Sultan bathery APMC,Beverages,Coffee,Other,FAQ,"10,400.00","10,500.00","10,500.00",Rs./Quintal,17-03-2023
Kerala,Wayanad,Sultan bathery APMC,Beverages,Coffee,Other,FAQ,"10,300.00","10,500.00","10,400.00",Rs./Quintal,16-03-2023
Kerala,Wayanad,Sultan bathery APMC,Beverages,Coffee,Other,FAQ,"10,900.00","11,000.00","11,000.00",Rs./Quintal,15-03-2023
Kerala,Wayanad,Sultan bathery APMC,Beverages,Coffee,Other,FAQ,"10,800.00","11,000.00","10,900.00",Rs./Quintal,14-03-2023
Kerala,Wayanad,Sultan bathery APMC,Beverages,Coffee,Other,FAQ,"11,400.00","11,500.00","11,500.00",Rs./Quintal,08-03-2023
Kerala,Wayanad,Sultan bathery APMC,Beverages,Coffee,Other,FAQ,"11,400.00","11,500.00","11,500.00",Rs./Quintal,04-03-2023
Kerala,Wayanad,Sultan bathery APMC,Beverages,Coffee,Other,FAQ,"11,400.00","11,500.00","11,500.00",Rs./Quintal,03-03-2023
Kerala,Wayanad,Sultan bathery APMC,Beverages,Coffee,Other,FAQ,"11,400.00","11,500.00","11,500.00",Rs./Quintal,02-03-2023
Kerala,Wayanad,Sultan bathery APMC,Beverages,Coffee,Other,FAQ,"11,100.00","11,200.00","11,200.00",Rs./Quintal,01-03-2023
Kerala,Wayanad,Sultan bathery APMC,Beverages,Coffee,Other,FAQ,"11,000.00","11,200.00","11,100.00",Rs./Quintal,23-02-2023
Kerala,Wayanad,Sultan bathery APMC,Beverages,Coffee,Other,FAQ,"10,800.00","11,000.00","10,900.00",Rs./Quintal,22-02-2023
Kerala,Wayanad,Sultan bathery APMC,Beverages,Coffee,Other,FAQ,"10,700.00","10,800.00","10,800.00",Rs./Quintal,20-02-2023
Kerala,Wayanad,Sultan bathery APMC,Beverages,Coffee,Other,FAQ,"10,700.00","10,800.00","10,800.00",Rs./Quintal,17-02-2023
Kerala,Wayanad,Sultan bathery APMC,Beverages,Coffee,Other,FAQ,"9,500.00","9,600.00","9,600.00",Rs./Quintal,06-02-2023
Kerala,Wayanad,Sultan bathery APMC,Beverages,Coffee,Other,FAQ,"9,500.00","9,700.00","9,600.00",Rs./Quintal,01-02-2023
Kerala,Wayanad,Sultan bathery APMC,Beverages,Coffee,Other,FAQ,"9,400.00","9,500.00","9,500.00",Rs./Quintal,28-01-2023
Kerala,Wayanad,Sultan bathery APMC,Beverages,Coffee,Other,FAQ,"9,300.00","9,400.00","9,400.00",Rs./Quintal,25-01-2023
Kerala,Wayanad,Sultan bathery APMC,Beverages,Coffee,Other,FAQ,"9,400.00","9,500.00","9,450.00",Rs./Quintal,24-01-2023
Kerala,Wayanad,Sultan bathery APMC,Beverages,Coffee,Other,FAQ,"9,300.00","9,400.00","9,400.00",Rs./Quintal,23-01-2023
Kerala,Wayanad,Sultan bathery APMC,Beverages,Coffee,Other,FAQ,"9,300.00","9,400.00","9,400.00",Rs./Quintal,20-01-2023
Kerala,Wayanad,Sultan bathery APMC,Beverages,Coffee,Other,FAQ,"9,300.00","9,400.00","9,400.00",Rs./Quintal,19-01-2023
Kerala,Wayanad,Sultan bathery APMC,Beverages,Coffee,Other,FAQ,"9,300.00","9,400.00","9,400.00",Rs./Quintal,18-01-2023
Kerala,Wayanad,Sultan bathery APMC,Beverages,Coffee,Other,FAQ,"9,300.00","9,400.00","9,400.00",Rs./Quintal,17-01-2023
Kerala,Wayanad,Sultan bathery APMC,Beverages,Coffee,Other,FAQ,"9,000.00","9,200.00","9,100.00",Rs./Quintal,16-01-2023
Kerala,Wayanad,Sultan bathery APMC,Beverages,Coffee,Other,FAQ,"8,900.00","9,200.00","9,000.00",Rs./Quintal,13-01-2023
Kerala,Wayanad,Sultan bathery APMC,Beverages,Coffee,Other,FAQ,"8,900.00","9,200.00","9,000.00",Rs./Quintal,12-01-2023

